season,details,from,until,days,games,reason,player,url
2526,Hamstring injury,2026-03-15,2026-04-15,32.0,2.0,injury,Dan Ballard,/dan-ballard/profil/spieler/503686
2526,Knee injury,2025-08-23,2025-09-13,22.0,4.0,injury,Dan Ballard,/dan-ballard/profil/spieler/503686
2526,Muscle injury,2026-05-12,2026-06-01,21.0,3.0,injury,Roméo Lavia,/romeo-lavia/profil/spieler/628451
2526,Fitness,2026-01-16,2026-02-09,25.0,7.0,injury,Roméo Lavia,/romeo-lavia/profil/spieler/628451
2526,Muscle strain,2025-11-05,2026-01-16,73.0,16.0,injury,Roméo Lavia,/romeo-lavia/profil/spieler/628451
2526,Ankle injury,2026-01-30,2026-02-10,12.0,2.0,injury,Justin Devenny,/justin-devenny/profil/spieler/747009
2526,Muscle injury,2025-11-02,2025-11-28,27.0,6.0,injury,Viktor Gyökeres,/viktor-gyokeres/profil/spieler/325443
2526,Transferred to Sporting,2025-07-01,2025-07-25,,,Transfer,Viktor Gyökeres,/viktor-gyokeres/profil/spieler/325443
2526,Knee injury,2026-04-20,2026-05-06,17.0,2.0,injury,Giorgi Mamardashvili,/giorgi-mamardashvili/profil/spieler/502676
2526,Transferred to Man City U18,2025-07-01,2026-06-30,,,Transfer,Kaden Braithwaite,/kaden-braithwaite/profil/spieler/1078156
2526,Ankle injury,2025-09-01,2025-10-27,57.0,13.0,injury,Rayan Aït-Nouri,/rayan-ait-nouri/profil/spieler/578391
2526,Muscle injury,2025-09-04,2025-09-22,19.0,4.0,injury,Diogo Dalot,/diogo-dalot/profil/spieler/357147
2526,Achilles tendon problems,2026-03-23,2026-04-20,29.0,7.0,injury,Bukayo Saka,/bukayo-saka/profil/spieler/433177
2526,Hip injury,2026-01-30,2026-02-11,13.0,3.0,injury,Bukayo Saka,/bukayo-saka/profil/spieler/433177
2526,Hamstring injury,2025-08-23,2025-09-17,26.0,5.0,injury,Bukayo Saka,/bukayo-saka/profil/spieler/433177
2526,Muscle injury,2026-05-03,2026-05-15,13.0,2.0,injury,Alejandro Garnacho,/alejandro-garnacho/profil/spieler/811779
2526,Transferred to Barnet,2025-09-01,2026-06-29,,,Transfer,Ben Winterburn,/ben-winterburn/profil/spieler/854721
2526,Transferred to Mönchengladbach,2025-07-01,2026-02-01,,,Transfer,Luca Netz,/luca-netz/profil/spieler/524285
2526,Ill,2026-01-16,2026-01-19,4.0,1.0,injury,Matheus Nunes,/matheus-nunes/profil/spieler/601883
2526,Transferred to Spurs U18,2025-07-01,2026-06-30,,,Transfer,Malachi Hardy,/malachi-hardy/profil/spieler/1108465
2526,Muscle injury,2025-10-14,2025-12-04,52.0,7.0,injury,Largie Ramazani,/largie-ramazani/profil/spieler/518644
2526,Transferred to Valencia,2025-08-28,2026-06-29,,,Transfer,Largie Ramazani,/largie-ramazani/profil/spieler/518644
2526,Transferred to Rio Ave,2025-09-01,2026-01-13,,,Transfer,Eric da Silva Moreira,/eric-da-silva-moreira/profil/spieler/897481
2526,Hamstring injury,2026-05-22,2026-06-08,18.0,2.0,injury,Gabriel Gudmundsson,/gabriel-gudmundsson/profil/spieler/362108
2526,Adductor pain,2026-01-18,2026-01-30,13.0,1.0,injury,Gabriel Gudmundsson,/gabriel-gudmundsson/profil/spieler/362108
2526,Transferred to Lille,2025-07-01,2025-07-07,,,Transfer,Gabriel Gudmundsson,/gabriel-gudmundsson/profil/spieler/362108
2526,Heel problems,2025-09-12,2025-09-22,11.0,2.0,injury,Jacob Bruun Larsen,/jacob-bruun-larsen/profil/spieler/293281
2526,Transferred to Stuttgart,2025-07-01,2025-07-10,,,Transfer,Jacob Bruun Larsen,/jacob-bruun-larsen/profil/spieler/293281
2526,Knock,2026-04-01,2026-04-15,15.0,4.0,injury,Diego León,/diego-leon/profil/spieler/1283997
2526,Transferred to Cerro Porteño,2025-07-01,2025-07-04,,,Transfer,Diego León,/diego-leon/profil/spieler/1283997
2526,Transferred to Man Utd U21,2025-07-05,2026-06-30,,,Transfer,Diego León,/diego-leon/profil/spieler/1283997
2526,Transferred to Getafe,2025-07-01,2025-08-31,,,Transfer,Christantus Uche,/christantus-uche/profil/spieler/1124005
2526,Transferred to Getafe,2026-06-30,2026-06-30,,,Transfer,Christantus Uche,/christantus-uche/profil/spieler/1124005
2526,Meniscus injury,2026-02-06,2026-04-12,66.0,10.0,injury,Enso González,/enso-gonzalez/profil/spieler/1060740
2526,Ankle injury,2025-10-27,2026-03-12,137.0,35.0,injury,Mateo Kovacic,/mateo-kovacic/profil/spieler/51471
2526,unknown injury,2025-09-28,2025-10-13,16.0,3.0,injury,Andrey Santos,/andrey-santos/profil/spieler/743600
2526,Calf injury,2026-02-23,2026-04-08,45.0,8.0,injury,Lisandro Martínez,/lisandro-martinez/profil/spieler/480762
2526,Foot surgery,2026-01-30,2026-05-24,115.0,28.0,injury,Mikel Merino,/mikel-merino/profil/spieler/338424
2526,Thigh problems,2026-02-26,2026-03-09,12.0,2.0,injury,Andrés García,/andres-garcia/profil/spieler/1063329
2526,Thigh problems,2026-01-23,2026-02-12,21.0,5.0,injury,Andrés García,/andres-garcia/profil/spieler/1063329
2526,Muscle injury,2025-07-20,2025-12-01,135.0,17.0,injury,Andrés García,/andres-garcia/profil/spieler/1063329
2526,Torn knee ligaments,2026-02-14,,199.0,13.0,injury,Oleksandr Zinchenko,/oleksandr-zinchenko/profil/spieler/203853
2526,Groin injury,2025-10-24,2025-12-08,46.0,9.0,injury,Oleksandr Zinchenko,/oleksandr-zinchenko/profil/spieler/203853
2526,Muscle injury,2025-09-28,2025-10-17,20.0,2.0,injury,Oleksandr Zinchenko,/oleksandr-zinchenko/profil/spieler/203853
2526,Transferred to Ajax,2026-02-01,2026-06-30,,,Transfer,Oleksandr Zinchenko,/oleksandr-zinchenko/profil/spieler/203853
2526,Cruciate ligament tear,2025-11-20,2026-09-01,286.0,32.0,injury,Fábio Carvalho,/fabio-carvalho/profil/spieler/559263
2526,Knee problems,2025-09-26,2025-09-29,4.0,1.0,injury,Fábio Carvalho,/fabio-carvalho/profil/spieler/559263
2526,Back problems,2026-02-17,2026-02-22,6.0,2.0,injury,Sven Botman,/sven-botman/profil/spieler/361093
2526,Hamstring injury,2025-11-28,2026-01-02,36.0,9.0,injury,Sven Botman,/sven-botman/profil/spieler/361093
2526,Inguinal hernia,2025-11-17,2025-12-20,34.0,5.0,injury,Merlin Röhl,/merlin-rohl/profil/spieler/608832
2526,Hip injury,2025-09-19,2025-10-06,18.0,4.0,injury,Merlin Röhl,/merlin-rohl/profil/spieler/608832
2526,Transferred to Freiburg,2025-07-01,2025-08-31,,,Transfer,Merlin Röhl,/merlin-rohl/profil/spieler/608832
2526,Transferred to Freiburg,2026-06-30,2026-06-30,,,Transfer,Merlin Röhl,/merlin-rohl/profil/spieler/608832
2526,Transferred to Stevenage,2026-01-31,2026-06-30,,,Transfer,Joe Knight,/joe-knight/profil/spieler/978668
2526,Transferred to Stoke U21,2025-07-01,2025-08-07,,,Transfer,Alfie Brooks,/alfie-brooks/profil/spieler/700461
2526,Transferred to Telford Utd,2025-08-08,2025-08-31,,,Transfer,Alfie Brooks,/alfie-brooks/profil/spieler/700461
2526,Transferred to Wolves U21,2025-09-01,2026-06-30,,,Transfer,Alfie Brooks,/alfie-brooks/profil/spieler/700461
2526,Knock,2026-05-01,2026-05-20,20.0,3.0,injury,Romain Faivre,/romain-faivre/profil/spieler/555076
2526,Injury to the ankle,2026-02-16,2026-03-09,22.0,3.0,injury,Romain Faivre,/romain-faivre/profil/spieler/555076
2526,Transferred to Al-Taawoun,2025-09-10,2026-01-12,,,Transfer,Romain Faivre,/romain-faivre/profil/spieler/555076
2526,Transferred to AJ Auxerre,2026-01-15,2026-06-30,,,Transfer,Romain Faivre,/romain-faivre/profil/spieler/555076
2526,Ankle injury,2025-08-25,2025-09-12,19.0,3.0,injury,Phil Foden,/phil-foden/profil/spieler/406635
2526,Ankle injury,2025-08-04,2025-08-22,19.0,1.0,injury,Phil Foden,/phil-foden/profil/spieler/406635
2526,Transferred to Braintree,2025-12-21,2026-01-20,,,Transfer,Harrison Dudziak,/harrison-dudziak/profil/spieler/848437
2526,Shoulder injury,2025-07-01,2025-09-22,84.0,6.0,injury,Luke O'Nien,/luke-onien/profil/spieler/282939
2526,Muscle injury,2026-04-10,2026-04-27,18.0,3.0,injury,Ashley Barnes,/ashley-barnes/profil/spieler/63200
2526,Groin injury,2026-05-22,2026-07-27,67.0,1.0,injury,Sean Longstaff,/sean-longstaff/profil/spieler/346707
2526,Rest,2026-01-05,2026-01-08,4.0,1.0,injury,Sean Longstaff,/sean-longstaff/profil/spieler/346707
2526,Calf injury,2025-11-24,2026-01-02,40.0,7.0,injury,Sean Longstaff,/sean-longstaff/profil/spieler/346707
2526,Ankle injury,2026-05-15,2026-06-01,18.0,2.0,injury,Fabian Schär,/fabian-schar/profil/spieler/135343
2526,surgery,2026-04-10,2026-05-11,32.0,5.0,injury,Fabian Schär,/fabian-schar/profil/spieler/135343
2526,Broken ankle,2026-01-08,2026-04-10,93.0,21.0,injury,Fabian Schär,/fabian-schar/profil/spieler/135343
2526,Head injury,2025-09-19,2025-10-03,15.0,3.0,injury,Fabian Schär,/fabian-schar/profil/spieler/135343
2526,Ankle injury,2026-05-22,2026-06-01,11.0,1.0,injury,Anton Stach,/anton-stach/profil/spieler/344069
2526,Ankle injury,2026-04-05,2026-04-24,20.0,3.0,injury,Anton Stach,/anton-stach/profil/spieler/344069
2526,Hip injury,2026-02-01,2026-02-16,16.0,3.0,injury,Anton Stach,/anton-stach/profil/spieler/344069
2526,Muscle injury,2026-01-16,2026-01-19,4.0,1.0,injury,Anton Stach,/anton-stach/profil/spieler/344069
2526,Head injury,2025-11-22,2025-12-04,13.0,1.0,injury,Anton Stach,/anton-stach/profil/spieler/344069
2526,Transferred to Hoffenheim,2025-07-01,2025-07-21,,,Transfer,Anton Stach,/anton-stach/profil/spieler/344069
2526,Hamstring injury,2026-01-25,2026-02-28,35.0,5.0,injury,Pedro Porro,/pedro-porro/profil/spieler/553875
2526,Hamstring injury,2025-11-25,2026-01-11,48.0,,injury,Séamus Coleman,/seamus-coleman/profil/spieler/68390
2526,Torn thigh muscle,2025-10-20,2025-11-28,40.0,6.0,injury,Konstantinos Mavropanos,/konstantinos-mavropanos/profil/spieler/415912
2526,Transferred to Leyton Orient,2026-02-02,2026-06-29,,,Transfer,Will Dennis,/will-dennis/profil/spieler/582078
2526,Hamstring injury,2026-04-19,2026-06-01,44.0,6.0,injury,Murillo,/murillo/profil/spieler/1005649
2526,Back injury,2025-09-13,2025-09-29,17.0,4.0,injury,Murillo,/murillo/profil/spieler/1005649
2526,Muscle injury,2026-01-29,2026-02-06,9.0,1.0,injury,Ollie Watkins,/ollie-watkins/profil/spieler/324358
2526,Hamstring injury,2025-11-15,2026-02-06,84.0,15.0,injury,Rodrigo Muniz,/rodrigo-muniz/profil/spieler/735571
2526,Muscle injury,2025-09-27,2025-10-31,35.0,5.0,injury,Rodrigo Muniz,/rodrigo-muniz/profil/spieler/735571
2526,Cruciate ligament tear,2025-08-03,2026-04-13,254.0,46.0,injury,James Maddison,/james-maddison/profil/spieler/294057
2526,Hamstring injury,2025-08-15,2025-09-01,18.0,3.0,injury,Igor Julio,/igor-julio/profil/spieler/380350
2526,Knee problems,2025-12-28,2026-01-01,5.0,1.0,injury,Declan Rice,/declan-rice/profil/spieler/357662
2526,Knee injury,2026-04-09,2026-05-17,39.0,9.0,injury,Evann Guessand,/evann-guessand/profil/spieler/500689
2526,muscular problems,2025-12-05,2025-12-08,4.0,1.0,injury,Evann Guessand,/evann-guessand/profil/spieler/500689
2526,Knee problems,2025-08-03,2025-08-10,8.0,1.0,injury,Evann Guessand,/evann-guessand/profil/spieler/500689
2526,Transferred to Nice,2025-07-01,2025-08-07,,,Transfer,Evann Guessand,/evann-guessand/profil/spieler/500689
2526,Transferred to Aberdeen FC B,2025-07-01,2025-08-21,,,Transfer,Ellis Clark,/ellis-clark/profil/spieler/1147384
2526,Thigh problems,2026-05-18,2026-06-01,15.0,1.0,injury,Sandro Tonali,/sandro-tonali/profil/spieler/397033
2526,Groin injury,2026-03-18,2026-03-25,8.0,1.0,injury,Sandro Tonali,/sandro-tonali/profil/spieler/397033
2526,Virus,2026-03-11,2026-03-15,5.0,1.0,injury,Sandro Tonali,/sandro-tonali/profil/spieler/397033
2526,Hamstring injury,2026-01-04,2026-06-29,177.0,23.0,injury,Mohammed Kudus,/mohammed-kudus/profil/spieler/543499
2526,unknown injury,2025-11-03,2025-11-21,19.0,2.0,injury,Mohammed Kudus,/mohammed-kudus/profil/spieler/543499
2526,Transferred to PSG,2025-07-01,2025-08-31,,,Transfer,Gianluigi Donnarumma,/gianluigi-donnarumma/profil/spieler/315858
2526,Rest,2025-12-05,2025-12-07,3.0,1.0,injury,Gabriel Jesus,/gabriel-jesus/profil/spieler/363205
2526,Transferred to Without Club,2025-07-01,2025-10-22,,,Transfer,Josh Dasilva,/josh-dasilva/profil/spieler/340321
2526,Transferred to Union SG,2025-07-01,2025-07-03,,,Transfer,Noah Sadiki,/noah-sadiki/profil/spieler/727089
2526,Thigh problems,2026-02-27,2026-04-11,44.0,9.0,injury,Manor Solomon,/manor-solomon/profil/spieler/396638
2526,flu,2026-02-17,2026-02-21,5.0,1.0,injury,Manor Solomon,/manor-solomon/profil/spieler/396638
2526,Back injury,2025-11-06,2025-11-18,13.0,3.0,injury,Manor Solomon,/manor-solomon/profil/spieler/396638
2526,Calf injury,2025-06-07,2025-08-30,85.0,4.0,injury,Manor Solomon,/manor-solomon/profil/spieler/396638
2526,Transferred to Villarreal,2025-09-01,2025-12-31,,,Transfer,Manor Solomon,/manor-solomon/profil/spieler/396638
2526,Transferred to Fiorentina,2026-01-02,2026-06-29,,,Transfer,Manor Solomon,/manor-solomon/profil/spieler/396638
2526,Thigh problems,2025-08-30,2025-10-03,35.0,9.0,injury,Rayan Cherki,/rayan-cherki/profil/spieler/607223
2526,Knock,2026-02-27,2026-03-09,11.0,2.0,injury,Marcus Edwards,/marcus-edwards/profil/spieler/314367
2526,strain,2026-02-23,2026-04-06,43.0,5.0,injury,Kota Takai,/kota-takai/profil/spieler/671108
2526,Ill,2026-01-30,2026-02-05,7.0,1.0,injury,Kota Takai,/kota-takai/profil/spieler/671108
2526,Fitness,2025-12-03,2025-12-27,25.0,4.0,injury,Kota Takai,/kota-takai/profil/spieler/671108
2526,Foot injury,2025-07-06,2025-12-02,150.0,21.0,injury,Kota Takai,/kota-takai/profil/spieler/671108
2526,Transferred to Kawasaki Front.,2025-07-01,2025-07-07,,,Transfer,Kota Takai,/kota-takai/profil/spieler/671108
2526,Transferred to Mönchengladbach,2026-01-02,2026-06-29,,,Transfer,Kota Takai,/kota-takai/profil/spieler/671108
2526,Knee injury,2026-03-22,2026-04-01,11.0,2.0,injury,Gabriel,/gabriel/profil/spieler/435338
2526,Hamstring injury,2025-11-16,2025-12-27,42.0,10.0,injury,Gabriel,/gabriel/profil/spieler/435338
2526,Calf injury,2026-02-27,2026-03-11,13.0,3.0,injury,Reiss Nelson,/reiss-nelson/profil/spieler/340325
2526,Knock,2025-12-05,2025-12-22,18.0,4.0,injury,Reiss Nelson,/reiss-nelson/profil/spieler/340325
2526,Ill,2025-09-19,2025-10-06,18.0,3.0,injury,Reiss Nelson,/reiss-nelson/profil/spieler/340325
2526,Thigh problems,2026-01-30,2026-02-02,4.0,1.0,injury,Lukas Nmecha,/lukas-nmecha/profil/spieler/314288
2526,Hamstring injury,2025-12-04,2025-12-25,22.0,3.0,injury,Lukas Nmecha,/lukas-nmecha/profil/spieler/314288
2526,Thigh problems,2026-02-06,2026-02-10,5.0,1.0,injury,Jan Paul van Hecke,/jan-paul-van-hecke/profil/spieler/576314
2526,Ill,2025-12-19,2025-12-22,4.0,1.0,injury,Jan Paul van Hecke,/jan-paul-van-hecke/profil/spieler/576314
2526,Cruciate ligament tear,2025-09-24,2026-08-31,342.0,51.0,injury,Giovanni Leoni,/giovanni-leoni/profil/spieler/1086619
2526,Transferred to Parma,2025-07-01,2025-08-14,,,Transfer,Giovanni Leoni,/giovanni-leoni/profil/spieler/1086619
2526,Ankle injury,2026-03-23,2026-04-01,10.0,2.0,injury,William Saliba,/william-saliba/profil/spieler/495666
2526,Ankle sprain,2026-03-02,2026-03-09,8.0,2.0,injury,William Saliba,/william-saliba/profil/spieler/495666
2526,Ill,2026-02-09,2026-02-14,6.0,1.0,injury,William Saliba,/william-saliba/profil/spieler/495666
2526,Knock,2025-11-29,2025-12-13,15.0,4.0,injury,William Saliba,/william-saliba/profil/spieler/495666
2526,Ankle injury,2025-08-31,2025-09-15,16.0,3.0,injury,William Saliba,/william-saliba/profil/spieler/495666
2526,Knee injury,2026-01-27,2026-05-10,104.0,14.0,injury,Jenson Seelt,/jenson-seelt/profil/spieler/617755
2526,Ill,2026-01-02,2026-01-26,25.0,4.0,injury,Jenson Seelt,/jenson-seelt/profil/spieler/617755
2526,Hamstring injury,2025-09-20,2025-09-29,10.0,2.0,injury,Jenson Seelt,/jenson-seelt/profil/spieler/617755
2526,Transferred to Wolfsburg,2025-09-01,2026-06-29,,,Transfer,Jenson Seelt,/jenson-seelt/profil/spieler/617755
2526,Knock,2025-08-11,2025-09-15,36.0,4.0,injury,Marcus Bettinelli,/marcus-bettinelli/profil/spieler/116648
2526,Transferred to Paris FC,2026-01-29,2026-06-29,,,Transfer,Diego Coppola,/diego-coppola/profil/spieler/660860
2526,Knee injury,2026-01-11,2026-07-01,172.0,27.0,injury,Boubacar Kamara,/boubacar-kamara/profil/spieler/394327
2526,Hamstring injury,2025-08-23,2025-09-16,25.0,2.0,injury,Boubacar Kamara,/boubacar-kamara/profil/spieler/394327
2526,Ankle injury,2026-01-02,2026-04-02,91.0,14.0,injury,Mike Tresor,/mike-tresor/profil/spieler/381963
2526,Hamstring injury,2025-08-01,2025-08-26,26.0,2.0,injury,Ethan Pinnock,/ethan-pinnock/profil/spieler/442248
2526,Hamstring injury,2026-01-08,2026-04-13,96.0,18.0,injury,Rodrigo Bentancur,/rodrigo-bentancur/profil/spieler/354362
2526,Transferred to Southampton,2025-07-01,2025-07-19,,,Transfer,Kyle Walker-Peters,/kyle-walker-peters/profil/spieler/341051
2526,Transferred to Ipswich,2025-07-01,2025-08-15,,,Transfer,Omari Hutchinson,/omari-hutchinson/profil/spieler/741238
2526,Knee bruise,2026-04-08,2026-04-17,10.0,1.0,injury,Harrison Reed,/harrison-reed/profil/spieler/226973
2526,Knock,2025-09-12,2025-09-22,11.0,2.0,injury,Harrison Reed,/harrison-reed/profil/spieler/226973
2526,Transferred to Stoke City,2025-07-01,2026-06-29,,,Transfer,Ashley Phillips,/ashley-phillips/profil/spieler/859951
2526,Ankle injury,2026-03-17,2026-04-17,32.0,5.0,injury,Trevoh Chalobah,/trevoh-chalobah/profil/spieler/346314
2526,Transferred to Preston,2025-09-01,2025-12-31,,,Transfer,Harrison Armstrong,/harrison-armstrong/profil/spieler/1107733
2526,Knee injury,2025-09-10,2025-10-13,34.0,9.0,injury,Omar Marmoush,/omar-marmoush/profil/spieler/445939
2526,Transferred to Leverkusen,2025-07-01,2025-08-20,,,Transfer,Amine Adli,/amine-adli/profil/spieler/532776
2526,Transferred to Ferencváros,2025-07-01,2026-01-19,,,Transfer,Alex Tóth,/alex-toth/profil/spieler/998101
2526,Calf injury,2026-05-22,2026-05-28,7.0,1.0,injury,Noah Okafor,/noah-okafor/profil/spieler/346890
2526,Hamstring injury,2026-02-16,2026-03-16,29.0,5.0,injury,Noah Okafor,/noah-okafor/profil/spieler/346890
2526,Adductor pain,2025-10-16,2025-10-20,5.0,1.0,injury,Noah Okafor,/noah-okafor/profil/spieler/346890
2526,Transferred to AC Milan,2025-07-01,2025-08-20,,,Transfer,Noah Okafor,/noah-okafor/profil/spieler/346890
2526,unknown injury,2025-11-29,2026-04-25,148.0,20.0,injury,James McConnell,/james-mcconnell/profil/spieler/845289
2526,Knee injury,2025-09-26,2025-10-03,8.0,2.0,injury,James McConnell,/james-mcconnell/profil/spieler/845289
2526,Transferred to Ajax,2025-08-29,2026-02-01,,,Transfer,James McConnell,/james-mcconnell/profil/spieler/845289
2526,Transferred to Man Utd U18,2025-07-01,2026-06-30,,,Transfer,Jim Thwaites,/jim-thwaites/profil/spieler/1184840
2526,Muscle injury,2026-02-10,2026-02-23,14.0,2.0,injury,Jakub Kiwior,/jakub-kiwior/profil/spieler/425918
2526,Transferred to Porto,2025-09-01,2026-06-29,,,Transfer,Jakub Kiwior,/jakub-kiwior/profil/spieler/425918
2526,Knee problems,2025-11-09,2025-11-21,13.0,1.0,injury,Enzo Fernández,/enzo-fernandez/profil/spieler/648195
2526,Knee problems,2025-10-14,2025-10-20,7.0,2.0,injury,Enzo Fernández,/enzo-fernandez/profil/spieler/648195
2526,Achilles tendon rupture,2026-04-15,2026-12-31,261.0,8.0,injury,Hugo Ekitiké,/hugo-ekitike/profil/spieler/709726
2526,Thigh problems,2026-01-03,2026-01-11,9.0,2.0,injury,Hugo Ekitiké,/hugo-ekitike/profil/spieler/709726
2526,Transferred to Frankfurt,2025-07-01,2025-07-22,,,Transfer,Hugo Ekitiké,/hugo-ekitike/profil/spieler/709726
2526,Knee surgery,2026-02-20,2026-06-29,130.0,16.0,injury,Emil Krafth,/emil-krafth/profil/spieler/184528
2526,Knee injury,2025-11-21,2026-02-20,92.0,25.0,injury,Emil Krafth,/emil-krafth/profil/spieler/184528
2526,Knee injury,2025-08-22,2025-08-28,7.0,1.0,injury,Emil Krafth,/emil-krafth/profil/spieler/184528
2526,Knee surgery,2026-01-04,2026-05-16,133.0,27.0,injury,John Victor,/john-victor/profil/spieler/432914
2526,Transferred to Botafogo,2025-07-01,2025-08-30,,,Transfer,John Victor,/john-victor/profil/spieler/432914
2526,Calf problems,2026-02-23,2026-03-08,14.0,2.0,injury,Djed Spence,/djed-spence/profil/spieler/483348
2526,Calf injury,2026-01-29,2026-02-09,12.0,2.0,injury,Djed Spence,/djed-spence/profil/spieler/483348
2526,Transferred to FC Annecy,2025-09-01,2026-06-29,,,Transfer,Triston Rowe,/triston-rowe/profil/spieler/984593
2526,Groin injury,2026-04-10,2026-06-08,60.0,11.0,injury,Alysson,/alysson/profil/spieler/1005583
2526,Muscle injury,2026-03-09,2026-04-10,33.0,5.0,injury,Alysson,/alysson/profil/spieler/1005583
2526,Knock,2026-02-13,2026-02-23,11.0,2.0,injury,Alysson,/alysson/profil/spieler/1005583
2526,Calf problems,2025-10-17,2025-10-25,9.0,1.0,injury,Alysson,/alysson/profil/spieler/1005583
2526,Ankle sprain,2025-08-24,2025-09-12,20.0,1.0,injury,Alysson,/alysson/profil/spieler/1005583
2526,Patellar tendon rupture,2025-01-01,2026-02-11,407.0,21.0,injury,Alysson,/alysson/profil/spieler/1005583
2526,Transferred to Grêmio,2025-07-01,2025-12-31,,,Transfer,Alysson,/alysson/profil/spieler/1005583
2526,Ankle injury,2026-05-01,2026-05-17,17.0,2.0,injury,José Sá,/jose-sa/profil/spieler/249994
2526,Ill,2025-09-12,2025-09-15,4.0,1.0,injury,José Sá,/jose-sa/profil/spieler/249994
2526,Transferred to Man City U21,2025-07-01,2026-06-30,,,Transfer,Kian Noble,/kian-noble/profil/spieler/985535
2526,Transferred to Falkirk,2026-02-02,2026-06-29,,,Transfer,Ben Broggio,/ben-broggio/profil/spieler/985544
2526,Knee surgery,2025-05-12,2026-07-27,442.0,55.0,injury,Dejan Kulusevski,/dejan-kulusevski/profil/spieler/431755
2526,Knee problems,2026-01-31,2026-03-09,38.0,8.0,injury,Jean-Philippe Mateta,/jean-philippe-mateta/profil/spieler/420002
2526,Muscle injury,2025-11-07,,298.0,34.0,injury,Matai Akinmboni,/matai-akinmboni/profil/spieler/994604
2526,Groin surgery,2026-03-16,2026-05-01,47.0,9.0,injury,Filip Jørgensen,/filip-jorgensen/profil/spieler/585323
2526,Groin problems,2026-03-13,2026-03-15,3.0,1.0,injury,Filip Jørgensen,/filip-jorgensen/profil/spieler/585323
2526,unknown injury,2026-01-21,2026-02-22,33.0,7.0,injury,Filip Jørgensen,/filip-jorgensen/profil/spieler/585323
2526,Transferred to Leicester,2026-02-02,2026-06-30,,,Transfer,Jamaal Lascelles,/jamaal-lascelles/profil/spieler/183318
2526,Broken fibula,2026-05-05,2026-07-13,70.0,3.0,injury,Lewis Miley,/lewis-miley/profil/spieler/922769
2526,Dead leg,2026-02-06,2026-04-05,59.0,13.0,injury,Lewis Miley,/lewis-miley/profil/spieler/922769
2526,Hamstring injury,2026-01-25,2026-04-26,92.0,12.0,injury,Patrick Dorgu,/patrick-dorgu/profil/spieler/926952
2526,Hamstring injury,2025-12-21,2026-01-05,16.0,3.0,injury,Bruno Fernandes,/bruno-fernandes/profil/spieler/240306
2526,Broken tibia,2026-01-04,2026-05-01,118.0,27.0,injury,Josko Gvardiol,/josko-gvardiol/profil/spieler/475959
2526,unknown injury,2025-08-01,2025-09-01,32.0,3.0,injury,Josko Gvardiol,/josko-gvardiol/profil/spieler/475959
2526,Knock,2026-01-12,2026-01-19,8.0,1.0,injury,Odsonne Édouard,/odsonne-edouard/profil/spieler/344152
2526,Muscle injury,2025-10-05,2025-10-17,13.0,,injury,Odsonne Édouard,/odsonne-edouard/profil/spieler/344152
2526,Achilles tendon contusion,2025-08-27,2025-09-11,16.0,2.0,injury,Odsonne Édouard,/odsonne-edouard/profil/spieler/344152
2526,Transferred to Lens,2025-09-01,2026-06-30,,,Transfer,Odsonne Édouard,/odsonne-edouard/profil/spieler/344152
2526,unknown injury,2026-05-24,2026-06-08,16.0,2.0,injury,Ferdi Kadıoğlu,/ferdi-kadioglu/profil/spieler/369316
2526,Knock,2026-01-02,2026-01-06,5.0,1.0,injury,Maxime Estève,/maxime-esteve/profil/spieler/842341
2526,Knock,2025-12-19,2025-12-29,11.0,2.0,injury,Maxime Estève,/maxime-esteve/profil/spieler/842341
2526,Calf problems,2026-04-11,2026-04-15,5.0,1.0,injury,Emiliano Martínez,/emiliano-martinez/profil/spieler/111873
2526,muscular problems,2025-12-12,2025-12-15,4.0,1.0,injury,Emiliano Martínez,/emiliano-martinez/profil/spieler/111873
2526,muscular problems,2025-12-02,2025-12-04,3.0,1.0,injury,Emiliano Martínez,/emiliano-martinez/profil/spieler/111873
2526,Knock,2025-10-01,2025-10-03,3.0,1.0,injury,Emiliano Martínez,/emiliano-martinez/profil/spieler/111873
2526,Muscle injury,2025-09-15,2025-09-26,12.0,2.0,injury,Emiliano Martínez,/emiliano-martinez/profil/spieler/111873
2526,Cruciate ligament tear,2025-12-03,2026-09-01,273.0,30.0,injury,Stefanos Tzimas,/stefanos-tzimas/profil/spieler/950091
2526,Calf problems,2026-02-12,2026-02-28,17.0,2.0,injury,Samuel Chukwueze,/samuel-chukwueze/profil/spieler/401922
2526,Calf injury,2025-10-15,2025-10-31,17.0,3.0,injury,Samuel Chukwueze,/samuel-chukwueze/profil/spieler/401922
2526,Transferred to AC Milan,2025-07-01,2025-08-31,,,Transfer,Samuel Chukwueze,/samuel-chukwueze/profil/spieler/401922
2526,Transferred to AC Milan,2026-06-30,2026-06-30,,,Transfer,Samuel Chukwueze,/samuel-chukwueze/profil/spieler/401922
2526,Transferred to Villarreal,2025-07-01,2025-07-08,,,Transfer,Thierno Barry,/thierno-barry/profil/spieler/937941
2526,Transferred to Wycombe,2025-09-01,2026-06-29,,,Transfer,Niall Huggins,/niall-huggins/profil/spieler/559801
2526,Knock,2026-04-17,2026-05-01,15.0,2.0,injury,Solly March,/solly-march/profil/spieler/209212
2526,Rest,2026-03-20,2026-03-23,4.0,1.0,injury,Solly March,/solly-march/profil/spieler/209212
2526,Rest,2026-03-03,2026-03-05,3.0,1.0,injury,Solly March,/solly-march/profil/spieler/209212
2526,Fitness,2025-12-13,2026-02-27,77.0,14.0,injury,Solly March,/solly-march/profil/spieler/209212
2526,Transferred to Exeter City,2026-01-16,2026-06-29,,,Transfer,Timur Tuterov,/timur-tuterov/profil/spieler/1079078
2526,unknown injury,2026-03-13,2026-03-17,5.0,1.0,injury,James Tarkowski,/james-tarkowski/profil/spieler/173504
2526,Thigh problems,2025-11-21,2026-01-04,45.0,11.0,injury,Kieran Trippier,/kieran-trippier/profil/spieler/95810
2526,Ill,2025-10-31,2025-11-04,5.0,1.0,injury,Kieran Trippier,/kieran-trippier/profil/spieler/95810
2526,Back problems,2025-11-07,2025-11-12,6.0,1.0,injury,Kristoffer Ajer,/kristoffer-ajer/profil/spieler/328658
2526,Ill,2025-09-12,2025-10-03,22.0,3.0,injury,Aaron Wan-Bissaka,/aaron-wan-bissaka/profil/spieler/477758
2526,Muscle injury,2026-03-14,2026-04-06,24.0,3.0,injury,Yves Bissouma,/yves-bissouma/profil/spieler/410425
2526,Knee injury,2025-08-15,2025-12-23,131.0,30.0,injury,Yves Bissouma,/yves-bissouma/profil/spieler/410425
2526,Transferred to Santos,2025-07-01,2026-01-21,,,Transfer,Souza,/souza/profil/spieler/1086258
2526,Ankle injury,2021-08-08,2021-08-18,11.0,1.0,injury,Andrew Robertson,/andrew-robertson/profil/spieler/234803
2526,Transferred to Man City U21,2025-07-01,2026-01-15,,,Transfer,Jaden Heskey,/jaden-heskey/profil/spieler/961833
2526,Transferred to Sheff Wed,2026-01-16,2026-05-30,,,Transfer,Jaden Heskey,/jaden-heskey/profil/spieler/961833
2526,Transferred to Man City U21,2026-05-31,2026-06-30,,,Transfer,Jaden Heskey,/jaden-heskey/profil/spieler/961833
2526,Calf injury,2026-03-21,2026-04-09,20.0,2.0,injury,Jean-Clair Todibo,/jean-clair-todibo/profil/spieler/605184
2526,Groin problems,2026-01-01,2026-01-05,5.0,1.0,injury,Jean-Clair Todibo,/jean-clair-todibo/profil/spieler/605184
2526,Head injury,2026-05-04,2026-05-12,9.0,1.0,injury,Robert Sánchez,/robert-sanchez/profil/spieler/403151
2526,Muscle injury,2026-01-03,2026-01-06,4.0,1.0,injury,Robert Sánchez,/robert-sanchez/profil/spieler/403151
2526,Knock,2026-04-08,2026-04-27,20.0,4.0,injury,Riccardo Calafiori,/riccardo-calafiori/profil/spieler/502821
2526,Muscle injury,2025-12-26,2026-01-26,32.0,9.0,injury,Riccardo Calafiori,/riccardo-calafiori/profil/spieler/502821
2526,Hip problems,2025-11-10,2025-11-20,11.0,2.0,injury,Riccardo Calafiori,/riccardo-calafiori/profil/spieler/502821
2526,Calf injury,2026-02-23,2026-03-16,22.0,4.0,injury,Nordi Mukiele,/nordi-mukiele/profil/spieler/348026
2526,Fitness,2025-08-18,2025-08-26,9.0,1.0,injury,Nordi Mukiele,/nordi-mukiele/profil/spieler/348026
2526,Transferred to PSG,2025-07-01,2025-08-16,,,Transfer,Nordi Mukiele,/nordi-mukiele/profil/spieler/348026
2526,Ankle injury,2026-01-18,2026-02-20,34.0,5.0,injury,Granit Xhaka,/granit-xhaka/profil/spieler/111455
2526,Transferred to Leverkusen,2025-07-01,2025-07-29,,,Transfer,Granit Xhaka,/granit-xhaka/profil/spieler/111455
2526,Knee problems,2026-03-27,2026-03-31,5.0,1.0,injury,Chris Richards,/chris-richards/profil/spieler/578539
2526,Foot injury,2025-12-23,2026-01-05,14.0,3.0,injury,Chris Richards,/chris-richards/profil/spieler/578539
2526,unknown injury,2026-04-24,2026-05-05,12.0,2.0,injury,Ibrahim Sangaré,/ibrahim-sangare/profil/spieler/375885
2526,Bruised ribs,2025-12-15,2026-01-24,41.0,10.0,injury,Dan Burn,/dan-burn/profil/spieler/134270
2526,Transferred to Botafogo,2025-07-01,2025-07-04,,,Transfer,Igor Jesus,/igor-jesus/profil/spieler/432164
2526,Hamstring injury,2026-04-19,2026-04-25,7.0,1.0,injury,Cole Palmer,/cole-palmer/profil/spieler/568177
2526,Knock,2026-01-20,2026-01-26,7.0,2.0,injury,Cole Palmer,/cole-palmer/profil/spieler/568177
2526,Thigh problems,2026-01-09,2026-01-16,8.0,2.0,injury,Cole Palmer,/cole-palmer/profil/spieler/568177
2526,Broken toe,2025-11-19,2025-11-28,10.0,2.0,injury,Cole Palmer,/cole-palmer/profil/spieler/568177
2526,Groin injury,2025-09-20,2025-11-18,60.0,15.0,injury,Cole Palmer,/cole-palmer/profil/spieler/568177
2526,Groin problems,2025-08-21,2025-09-11,22.0,4.0,injury,Cole Palmer,/cole-palmer/profil/spieler/568177
2526,Fitness,2025-12-15,2026-01-10,27.0,14.0,injury,Chadi Riad,/chadi-riad/profil/spieler/689637
2526,Transferred to Stevenage,2025-09-01,2025-11-26,,,Transfer,Lewis Orford,/lewis-orford/profil/spieler/845809
2526,Fitness,2025-12-01,2025-12-15,15.0,3.0,injury,Tommy Watson,/tommy-watson/profil/spieler/933018
2526,Muscle injury,2025-11-07,2025-12-01,25.0,3.0,injury,Tommy Watson,/tommy-watson/profil/spieler/933018
2526,unknown injury,2025-08-15,2025-09-02,19.0,3.0,injury,Tommy Watson,/tommy-watson/profil/spieler/933018
2526,Transferred to Millwall,2026-02-01,2026-05-30,,,Transfer,Tommy Watson,/tommy-watson/profil/spieler/933018
2526,Knee injury,2025-11-08,,297.0,43.0,injury,Mads Roerslev,/mads-roerslev/profil/spieler/391005
2526,Transferred to Southampton,2025-08-21,2026-06-30,,,Transfer,Mads Roerslev,/mads-roerslev/profil/spieler/391005
2526,Muscle injury,2026-03-28,2026-04-09,13.0,3.0,injury,Piero Hincapié,/piero-hincapie/profil/spieler/659813
2526,Groin injury,2026-01-09,2026-01-24,16.0,4.0,injury,Piero Hincapié,/piero-hincapie/profil/spieler/659813
2526,Groin problems,2025-09-19,2025-10-20,32.0,8.0,injury,Piero Hincapié,/piero-hincapie/profil/spieler/659813
2526,Transferred to Leverkusen,2025-07-01,2025-08-31,,,Transfer,Piero Hincapié,/piero-hincapie/profil/spieler/659813
2526,Transferred to Leverkusen,2026-06-30,2026-06-30,,,Transfer,Piero Hincapié,/piero-hincapie/profil/spieler/659813
2526,Transferred to Benfica,2025-07-01,2025-08-31,,,Transfer,Florentino,/florentino/profil/spieler/357162
2526,Transferred to Benfica,2026-06-30,2026-06-30,,,Transfer,Florentino,/florentino/profil/spieler/357162
2526,Hip flexor problems,2026-04-19,2026-04-30,12.0,1.0,injury,Matheus Cunha,/matheus-cunha/profil/spieler/517894
2526,Knock,2025-11-21,2025-12-04,14.0,2.0,injury,Matheus Cunha,/matheus-cunha/profil/spieler/517894
2526,Hamstring injury,2025-08-30,2025-09-18,20.0,3.0,injury,Matheus Cunha,/matheus-cunha/profil/spieler/517894
2526,Transferred to Swindon Town,2026-01-03,2026-05-30,,,Transfer,Aidan Borland,/aidan-borland/profil/spieler/1049905
2526,Transferred to West Brom U21,2025-07-01,2025-08-13,,,Transfer,Ronnie Hollingshead,/ronnie-hollingshead/profil/spieler/667490
2526,Groin injury,2025-10-29,2026-01-09,73.0,12.0,injury,Rodrigo Gomes,/rodrigo-gomes/profil/spieler/667121
2526,Knock,2026-01-30,2026-02-02,4.0,1.0,injury,Vitaliy Mykolenko,/vitaliy-mykolenko/profil/spieler/404842
2526,unknown injury,2025-09-03,2025-09-19,17.0,3.0,injury,Vitaliy Mykolenko,/vitaliy-mykolenko/profil/spieler/404842
2526,Groin injury,2025-08-01,2025-08-26,26.0,2.0,injury,Vitaliy Mykolenko,/vitaliy-mykolenko/profil/spieler/404842
2526,Cruciate ligament tear,2025-10-14,2026-08-01,292.0,36.0,injury,Antoni Milambo,/antoni-milambo/profil/spieler/683620
2526,Transferred to Feyenoord,2025-07-01,2025-07-02,,,Transfer,Antoni Milambo,/antoni-milambo/profil/spieler/683620
2526,Transferred to Besiktas,2026-02-06,2026-06-30,,,Transfer,Emmanuel Agbadou,/emmanuel-agbadou/profil/spieler/683895
2526,Transferred to Wolves U21,2025-07-01,2026-06-30,,,Transfer,Saheed Olagunju,/saheed-olagunju/profil/spieler/1081155
2526,Transferred to VfL Bochum,2026-01-07,2026-06-29,,,Transfer,Callum Marshall,/callum-marshall/profil/spieler/953135
2526,Knock,2026-03-13,2026-03-16,4.0,1.0,injury,Christian Nørgaard,/christian-norgaard/profil/spieler/148367
2526,Knock,2025-08-15,2025-09-15,32.0,6.0,injury,Christian Nørgaard,/christian-norgaard/profil/spieler/148367
2526,Knock,2025-12-28,2025-12-31,4.0,1.0,injury,Santiago Bueno,/santiago-bueno/profil/spieler/438001
2526,Transferred to Without Club,2025-07-01,2026-01-01,,,Transfer,Fraser Forster,/fraser-forster/profil/spieler/52570
2526,Stomach problems,2026-05-07,2026-05-10,4.0,1.0,injury,Florian Wirtz,/florian-wirtz/profil/spieler/598577
2526,Back problems,2026-02-21,2026-03-04,12.0,3.0,injury,Florian Wirtz,/florian-wirtz/profil/spieler/598577
2526,muscular problems,2025-11-21,2025-11-28,8.0,2.0,injury,Florian Wirtz,/florian-wirtz/profil/spieler/598577
2526,Transferred to Novi Pazar,2025-09-17,2025-12-30,,,Transfer,Dominic Sadi,/dominic-sadi/profil/spieler/936901
2526,Transferred to Novi Pazar,2026-02-13,2026-06-30,,,Transfer,Dominic Sadi,/dominic-sadi/profil/spieler/936901
2526,Shoulder injury,2026-02-06,2026-03-02,25.0,5.0,injury,Yasin Ayari,/yasin-ayari/profil/spieler/667287
2526,Muscle injury,2025-12-01,2025-12-08,8.0,2.0,injury,Yasin Ayari,/yasin-ayari/profil/spieler/667287
2526,Transferred to Swindon Town,2026-01-13,2026-06-30,,,Transfer,Ben Middlemas,/ben-middlemas/profil/spieler/922463
2526,Groin injury,2026-06-01,,92.0,2.0,injury,Jurriën Timber,/jurrien-timber/profil/spieler/420243
2526,Ankle injury,2026-03-14,2026-05-04,52.0,10.0,injury,Jurriën Timber,/jurrien-timber/profil/spieler/420243
2526,Ankle injury,2025-12-24,2025-12-28,5.0,1.0,injury,Jurriën Timber,/jurrien-timber/profil/spieler/420243
2526,Knee injury,2026-02-10,,203.0,21.0,injury,Willy Boly,/willy-boly/profil/spieler/142310
2526,Transferred to Dortmund,2025-07-01,2026-01-01,,,Transfer,Pascal Groß,/pascal-gross/profil/spieler/82873
2526,Transferred to Oxford United,2026-01-09,2026-06-30,,,Transfer,Myles Peart-Harris,/myles-peart-harris/profil/spieler/587002
2526,Knock,2026-01-11,2026-01-27,17.0,4.0,injury,Nico González,/nico-gonzalez/profil/spieler/466805
2526,Knock,2026-01-02,2026-01-05,4.0,1.0,injury,Nico González,/nico-gonzalez/profil/spieler/466805
2526,Groin injury,2026-04-19,2026-05-15,27.0,5.0,injury,Rodri,/rodri/profil/spieler/357565
2526,Hamstring injury,2025-11-04,2025-12-25,52.0,13.0,injury,Rodri,/rodri/profil/spieler/357565
2526,Hamstring injury,2025-10-05,2025-10-31,27.0,6.0,injury,Rodri,/rodri/profil/spieler/357565
2526,Knee problems,2025-09-22,2025-09-29,8.0,2.0,injury,Rodri,/rodri/profil/spieler/357565
2526,Knee problems,2025-08-04,2025-08-23,20.0,1.0,injury,Rodri,/rodri/profil/spieler/357565
2526,Knee injury,2025-12-02,2026-01-31,61.0,14.0,injury,Ross Barkley,/ross-barkley/profil/spieler/131978
2526,Shin injury,2026-05-15,2026-08-01,79.0,2.0,injury,Benjamin Sesko,/benjamin-sesko/profil/spieler/627442
2526,Knee injury,2025-11-08,2025-12-10,33.0,4.0,injury,Benjamin Sesko,/benjamin-sesko/profil/spieler/627442
2526,Transferred to Leipzig,2025-07-01,2025-08-08,,,Transfer,Benjamin Sesko,/benjamin-sesko/profil/spieler/627442
2526,Hip problems,2026-02-07,2026-02-20,14.0,2.0,injury,Pascal Struijk,/pascal-struijk/profil/spieler/410708
2526,Groin injury,2025-11-28,2025-12-16,19.0,5.0,injury,Nick Pope,/nick-pope/profil/spieler/192080
2526,Head injury,2025-11-09,2025-11-12,4.0,,injury,Nick Pope,/nick-pope/profil/spieler/192080
2526,Transferred to Kalmar FF,2026-02-10,2026-06-30,,,Transfer,Charles Sagoe Jr,/charles-sagoe-jr/profil/spieler/796037
2526,Groin injury,2026-02-01,2026-02-23,23.0,4.0,injury,Matz Sels,/matz-sels/profil/spieler/127202
2526,Groin injury,2025-12-10,2025-12-22,13.0,2.0,injury,Matz Sels,/matz-sels/profil/spieler/127202
2526,Hamstring injury,2025-10-17,2025-12-03,48.0,9.0,injury,Dilane Bakwa,/dilane-bakwa/profil/spieler/540664
2526,Transferred to R. Strasbourg,2025-07-01,2025-08-31,,,Transfer,Dilane Bakwa,/dilane-bakwa/profil/spieler/540664
2526,Hamstring injury,2026-06-30,2026-08-08,40.0,4.0,injury,Lucas Paquetá,/lucas-paqueta/profil/spieler/444523
2526,Hamstring injury,2026-04-20,2026-05-16,27.0,7.0,injury,Lucas Paquetá,/lucas-paqueta/profil/spieler/444523
2526,Transferred to Flamengo,2026-01-28,2026-06-30,,,Transfer,Lucas Paquetá,/lucas-paqueta/profil/spieler/444523
2526,Finger injury,2025-09-19,2025-09-29,11.0,2.0,injury,Walter Benítez,/walter-benitez/profil/spieler/296802
2526,Knock,2026-02-26,2026-03-01,4.0,1.0,injury,Erling Haaland,/erling-haaland/profil/spieler/418560
2526,Hamstring injury,2026-04-18,2026-07-08,82.0,7.0,injury,Estêvão,/estevao/profil/spieler/1056993
2526,Hamstring injury,2026-02-20,2026-03-16,25.0,6.0,injury,Estêvão,/estevao/profil/spieler/1056993
2526,Ill,2026-01-15,2026-01-20,6.0,1.0,injury,Estêvão,/estevao/profil/spieler/1056993
2526,Muscle injury,2025-12-14,2025-12-25,12.0,2.0,injury,Estêvão,/estevao/profil/spieler/1056993
2526,Ill,2025-09-12,2025-09-15,4.0,1.0,injury,Estêvão,/estevao/profil/spieler/1056993
2526,Transferred to Palmeiras,2025-07-01,2025-07-13,,,Transfer,Estêvão,/estevao/profil/spieler/1056993
2526,Hamstring injury,2026-01-17,2026-02-13,28.0,7.0,injury,Tosin Adarabioyo,/tosin-adarabioyo/profil/spieler/258878
2526,Calf problems,2025-09-21,2025-10-12,22.0,4.0,injury,Tosin Adarabioyo,/tosin-adarabioyo/profil/spieler/258878
2526,unknown injury,2025-08-16,2025-08-18,3.0,1.0,injury,Tosin Adarabioyo,/tosin-adarabioyo/profil/spieler/258878
2526,unknown injury,2026-04-01,2026-04-20,20.0,2.0,injury,Matt Doherty,/matt-doherty/profil/spieler/171679
2526,unknown injury,2025-10-24,2025-12-01,39.0,5.0,injury,Matt Doherty,/matt-doherty/profil/spieler/171679
2526,Wrist fracture,2025-09-30,2025-10-16,17.0,1.0,injury,Matt Doherty,/matt-doherty/profil/spieler/171679
2526,Groin injury,2026-02-23,2026-03-11,17.0,3.0,injury,Brian Brobbey,/brian-brobbey/profil/spieler/473169
2526,Ankle injury,2025-08-03,2025-08-23,21.0,2.0,injury,Brian Brobbey,/brian-brobbey/profil/spieler/473169
2526,Transferred to Ajax,2025-07-01,2025-08-31,,,Transfer,Brian Brobbey,/brian-brobbey/profil/spieler/473169
2526,Knock,2026-02-15,2026-03-05,19.0,3.0,injury,Max Alleyne,/max-alleyne/profil/spieler/843595
2526,Transferred to Man City U21,2025-07-01,2025-08-07,,,Transfer,Max Alleyne,/max-alleyne/profil/spieler/843595
2526,Transferred to Watford,2025-08-08,2026-01-04,,,Transfer,Max Alleyne,/max-alleyne/profil/spieler/843595
2526,Transferred to Man City U21,2026-01-05,2026-01-05,,,Transfer,Max Alleyne,/max-alleyne/profil/spieler/843595
2526,Knock,2025-12-20,2026-01-14,26.0,5.0,injury,Anthony Elanga,/anthony-elanga/profil/spieler/583189
2526,Hamstring injury,2026-03-13,2026-05-17,66.0,10.0,injury,Julián Araujo,/julian-araujo/profil/spieler/513970
2526,Transferred to Celtic,2026-01-02,2026-06-29,,,Transfer,Julián Araujo,/julian-araujo/profil/spieler/513970
2526,Transferred to Birmingham,2025-07-02,2026-05-30,,,Transfer,Tommy Doyle,/tommy-doyle/profil/spieler/433183
2526,Transferred to Marseille,2025-09-01,2026-02-01,,,Transfer,Matt O'Riley,/matt-oriley/profil/spieler/406634
2526,Ill,2025-12-29,2025-12-31,3.0,1.0,injury,Michael Keane,/michael-keane/profil/spieler/118534
2526,muscular problems,2025-12-01,2025-12-05,5.0,1.0,injury,Michael Keane,/michael-keane/profil/spieler/118534
2526,Thigh problems,2025-11-01,2026-01-16,77.0,14.0,injury,Tyrone Mings,/tyrone-mings/profil/spieler/253677
2526,Foot injury,2025-09-29,2025-10-20,22.0,3.0,injury,Tyrone Mings,/tyrone-mings/profil/spieler/253677
2526,Transferred to Rangers,2025-07-09,2026-05-30,,,Transfer,Nasser Djiga,/nasser-djiga/profil/spieler/862297
2526,Calf problems,2026-04-30,2026-05-18,19.0,4.0,injury,Amadou Onana,/amadou-onana/profil/spieler/485706
2526,Knee problems,2026-04-24,2026-04-27,4.0,1.0,injury,Amadou Onana,/amadou-onana/profil/spieler/485706
2526,Hamstring injury,2025-12-31,2026-01-19,20.0,4.0,injury,Amadou Onana,/amadou-onana/profil/spieler/485706
2526,Muscle injury,2025-11-15,2025-11-27,13.0,2.0,injury,Amadou Onana,/amadou-onana/profil/spieler/485706
2526,Hamstring injury,2025-08-24,2025-10-05,43.0,9.0,injury,Amadou Onana,/amadou-onana/profil/spieler/485706
2526,Hamstring injury,2025-12-13,2026-01-20,39.0,7.0,injury,Kiernan Dewsbury-Hall,/kiernan-dewsbury-hall/profil/spieler/475188
2526,Transferred to Boreham Wood,2025-11-12,2026-05-30,,,Transfer,Ted Curd,/ted-curd/profil/spieler/857792
2526,Toe injury,2025-12-29,2026-02-13,47.0,9.0,injury,Mats Wieffer,/mats-wieffer/profil/spieler/415381
2526,Knee problems,2025-08-29,2025-09-15,18.0,4.0,injury,Mats Wieffer,/mats-wieffer/profil/spieler/415381
2526,Thigh problems,2025-09-23,2025-12-01,70.0,14.0,injury,Harrison Ashby,/harrison-ashby/profil/spieler/559130
2526,Transferred to Bradford,2026-01-13,2026-05-30,,,Transfer,Harrison Ashby,/harrison-ashby/profil/spieler/559130
2526,Transferred to Man Utd U21,2025-07-01,2025-07-31,,,Transfer,Jack Moorhouse,/jack-moorhouse/profil/spieler/953933
2526,Transferred to Leyton Orient,2025-08-01,2026-02-01,,,Transfer,Jack Moorhouse,/jack-moorhouse/profil/spieler/953933
2526,Transferred to Man Utd U21,2026-02-02,2026-06-30,,,Transfer,Jack Moorhouse,/jack-moorhouse/profil/spieler/953933
2526,Transferred to Sparta Prague,2026-01-18,2026-06-30,,,Transfer,Andrew Irving,/andrew-irving/profil/spieler/430310
2526,Adductor injury,2026-01-06,2026-01-26,21.0,4.0,injury,Nathaniel Clyne,/nathaniel-clyne/profil/spieler/85177
2526,unknown injury,2026-03-23,2026-04-03,12.0,,injury,Federico Chiesa,/federico-chiesa/profil/spieler/341092
2526,Ill,2026-03-09,2026-03-11,3.0,1.0,injury,Federico Chiesa,/federico-chiesa/profil/spieler/341092
2526,unknown injury,2026-01-22,2026-01-26,5.0,1.0,injury,Federico Chiesa,/federico-chiesa/profil/spieler/341092
2526,Transferred to Man City U18,2025-07-01,2026-06-30,,,Transfer,Tyrone Samba,/tyrone-samba/profil/spieler/1210923
2526,Hamstring injury,2026-03-13,2026-04-01,20.0,4.0,injury,Tyler Adams,/tyler-adams/profil/spieler/332705
2526,Knee medial ligament tear,2025-12-15,2026-02-16,64.0,10.0,injury,Tyler Adams,/tyler-adams/profil/spieler/332705
2526,Knee problems,2026-04-29,2026-05-04,6.0,1.0,injury,Martin Ødegaard,/martin-odegaard/profil/spieler/316264
2526,Muscle injury,2026-04-08,2026-04-17,10.0,2.0,injury,Martin Ødegaard,/martin-odegaard/profil/spieler/316264
2526,Knee problems,2026-02-23,2026-03-31,37.0,8.0,injury,Martin Ødegaard,/martin-odegaard/profil/spieler/316264
2526,Knock,2026-02-13,2026-02-20,8.0,2.0,injury,Martin Ødegaard,/martin-odegaard/profil/spieler/316264
2526,Muscle injury,2026-02-01,2026-02-10,10.0,2.0,injury,Martin Ødegaard,/martin-odegaard/profil/spieler/316264
2526,Knee injury,2025-10-04,2025-11-25,53.0,12.0,injury,Martin Ødegaard,/martin-odegaard/profil/spieler/316264
2526,Shoulder injury,2025-09-13,2025-09-25,13.0,3.0,injury,Martin Ødegaard,/martin-odegaard/profil/spieler/316264
2526,Knock,2026-03-28,2026-05-04,38.0,5.0,injury,Jordan Henderson,/jordan-henderson/profil/spieler/61651
2526,Ankle injury,2026-01-11,2026-01-19,9.0,1.0,injury,Jordan Henderson,/jordan-henderson/profil/spieler/61651
2526,Transferred to Ajax,2025-07-01,2025-07-14,,,Transfer,Jordan Henderson,/jordan-henderson/profil/spieler/61651
2526,Knee injury,2025-10-30,2025-12-13,45.0,11.0,injury,Angus Gunn,/angus-gunn/profil/spieler/201574
2526,Transferred to Norwich,2025-07-01,2025-08-05,,,Transfer,Angus Gunn,/angus-gunn/profil/spieler/201574
2526,Transferred to Royal Antwerp,2025-07-01,2025-08-31,,,Transfer,Senne Lammens,/senne-lammens/profil/spieler/503883
2526,Ill,2026-01-27,2026-01-29,3.0,1.0,injury,Curtis Jones,/curtis-jones/profil/spieler/433188
2526,Adductor pain,2025-10-26,2025-11-02,8.0,2.0,injury,Curtis Jones,/curtis-jones/profil/spieler/433188
2526,Muscle injury,2025-09-01,2025-09-26,26.0,2.0,injury,Curtis Jones,/curtis-jones/profil/spieler/433188
2526,Transferred to Rangers,2025-08-17,2026-05-30,,,Transfer,Jayden Meghoma,/jayden-meghoma/profil/spieler/954104
2526,Ankle sprain,2025-12-28,2026-02-02,37.0,10.0,injury,Arthur Masuaku,/arthur-masuaku/profil/spieler/181380
2526,Fitness,2025-08-10,2025-08-19,10.0,3.0,injury,Arthur Masuaku,/arthur-masuaku/profil/spieler/181380
2526,Transferred to Besiktas,2025-07-01,2025-08-09,,,Transfer,Arthur Masuaku,/arthur-masuaku/profil/spieler/181380
2526,Transferred to Lens,2026-01-27,2026-06-29,,,Transfer,Arthur Masuaku,/arthur-masuaku/profil/spieler/181380
2526,Transferred to Man City U21,2025-07-01,2026-06-30,,,Transfer,Ryan McAidoo,/ryan-mcaidoo/profil/spieler/1187640
2526,Ill,2026-01-13,2026-01-16,4.0,1.0,injury,Liam Delap,/liam-delap/profil/spieler/610849
2526,Shoulder injury,2025-12-06,2025-12-25,20.0,4.0,injury,Liam Delap,/liam-delap/profil/spieler/610849
2526,Hamstring injury,2025-08-31,2025-10-28,59.0,10.0,injury,Liam Delap,/liam-delap/profil/spieler/610849
2526,Knock,2026-04-30,2026-05-24,25.0,4.0,injury,Ola Aina,/ola-aina/profil/spieler/236490
2526,Hamstring injury,2025-09-09,2026-01-03,117.0,24.0,injury,Ola Aina,/ola-aina/profil/spieler/236490
2526,Ankle injury,2026-06-25,,68.0,5.0,injury,Tomáš Souček,/tomas-soucek/profil/spieler/283628
2526,Thigh problems,2026-03-12,2026-03-15,4.0,1.0,injury,Sávio,/savio/profil/spieler/743591
2526,Thigh problems,2026-01-02,2026-02-20,50.0,13.0,injury,Sávio,/savio/profil/spieler/743591
2526,unknown injury,2025-08-10,2025-09-08,30.0,3.0,injury,Sávio,/savio/profil/spieler/743591
2526,Knock,2025-10-31,2025-11-28,29.0,3.0,injury,Issa Diop,/issa-diop/profil/spieler/272622
2526,Knock,2025-09-19,2025-09-29,11.0,2.0,injury,Issa Diop,/issa-diop/profil/spieler/272622
2526,Knock,2025-08-22,2025-09-01,11.0,2.0,injury,Issa Diop,/issa-diop/profil/spieler/272622
2526,Hamstring injury,2025-12-03,2026-01-16,45.0,11.0,injury,Marshall Munetsi,/marshall-munetsi/profil/spieler/414908
2526,Transferred to Paris FC,2026-01-16,2026-06-29,,,Transfer,Marshall Munetsi,/marshall-munetsi/profil/spieler/414908
2526,Knee injury,2025-12-03,2026-01-05,34.0,6.0,injury,Veljko Milosavljevic,/veljko-milosavljevic/profil/spieler/989112
2526,Transferred to Red Star,2025-07-01,2025-08-31,,,Transfer,Veljko Milosavljevic,/veljko-milosavljevic/profil/spieler/989112
2526,Ill,2026-03-15,2026-03-19,5.0,1.0,injury,Malo Gusto,/malo-gusto/profil/spieler/620322
2526,Ill,2026-01-09,2026-01-18,10.0,3.0,injury,Malo Gusto,/malo-gusto/profil/spieler/620322
2526,Hip injury,2026-06-09,2026-06-13,5.0,,injury,Bart Verbruggen,/bart-verbruggen/profil/spieler/565093
2526,Knee bruise,2026-04-08,2026-04-29,22.0,3.0,injury,Luka Vuskovic,/luka-vuskovic/profil/spieler/892160
2526,Transferred to Hamburg,2025-08-29,2026-06-29,,,Transfer,Luka Vuskovic,/luka-vuskovic/profil/spieler/892160
2526,Toe injury,2026-01-29,2026-02-23,26.0,4.0,injury,Kevin Danso,/kevin-danso/profil/spieler/263236
2526,Calf injury,2026-02-03,2026-03-06,32.0,8.0,injury,Shea Lacey,/shea-lacey/profil/spieler/926309
2526,Transferred to Man Utd U21,2025-07-01,2026-06-30,,,Transfer,Shea Lacey,/shea-lacey/profil/spieler/926309
2526,Transferred to Stade Brestois,2025-07-01,2025-07-14,,,Transfer,Marco Bizot,/marco-bizot/profil/spieler/124884
2526,Hamstring injury,2025-10-21,2025-11-01,12.0,1.0,injury,Rayan,/rayan/profil/spieler/1012564
2526,Transferred to Vasco da Gama,2025-07-01,2026-01-26,,,Transfer,Rayan,/rayan/profil/spieler/1012564
2526,Transferred to Lille,2025-07-01,2025-07-03,,,Transfer,Angel Gomes,/angel-gomes/profil/spieler/392770
2526,Transferred to Marseille,2025-07-04,2026-02-01,,,Transfer,Angel Gomes,/angel-gomes/profil/spieler/392770
2526,Transferred to Marseille,2026-06-30,2026-06-30,,,Transfer,Angel Gomes,/angel-gomes/profil/spieler/392770
2526,Transferred to Rosenborg BK,2025-07-01,2025-07-16,,,Transfer,Sverre Nypan,/sverre-nypan/profil/spieler/911736
2526,Transferred to Middlesbrough,2025-08-19,2026-02-01,,,Transfer,Sverre Nypan,/sverre-nypan/profil/spieler/911736
2526,Calf problems,2025-10-17,2025-10-31,15.0,2.0,injury,Evanilson,/evanilson/profil/spieler/711337
2526,Muscle injury,2026-01-06,2026-01-08,3.0,1.0,injury,Charalampos Kostoulas,/charalampos-kostoulas/profil/spieler/1060087
2526,Ankle injury,2026-04-05,2026-04-17,13.0,1.0,injury,Joe Rodon,/joe-rodon/profil/spieler/297212
2526,Ankle injury,2025-12-29,2026-01-05,8.0,2.0,injury,Joe Rodon,/joe-rodon/profil/spieler/297212
2526,Head injury,2026-01-06,2026-01-12,7.0,2.0,injury,Jefferson Lerma,/jefferson-lerma/profil/spieler/262980
2526,Ankle injury,2026-01-25,2026-03-22,57.0,11.0,injury,Youri Tielemans,/youri-tielemans/profil/spieler/249565
2526,Calf problems,2025-09-13,2025-11-06,55.0,12.0,injury,Youri Tielemans,/youri-tielemans/profil/spieler/249565
2526,Ankle injury,2025-12-04,2026-01-12,40.0,10.0,injury,Cristhian Mosquera,/cristhian-mosquera/profil/spieler/646750
2526,Transferred to Valencia,2025-07-01,2025-07-23,,,Transfer,Cristhian Mosquera,/cristhian-mosquera/profil/spieler/646750
2526,Transferred to AZ Alkmaar,2025-07-01,2025-08-01,,,Transfer,David Møller Wolfe,/david-moller-wolfe/profil/spieler/661427
2526,Transferred to Celta de Vigo,2026-01-26,2026-06-29,,,Transfer,Fer López,/fer-lopez/profil/spieler/1064471
2526,Bruised knee,2026-02-12,2026-02-23,12.0,3.0,injury,Yoane Wissa,/yoane-wissa/profil/spieler/388165
2526,Knee injury,2025-08-15,2025-12-06,114.0,27.0,injury,Yoane Wissa,/yoane-wissa/profil/spieler/388165
2526,Hamstring injury,2026-01-10,2026-02-21,43.0,7.0,injury,Richarlison,/richarlison/profil/spieler/378710
2526,unknown injury,2026-01-16,2026-03-01,45.0,10.0,injury,Dário Essugo,/dario-essugo/profil/spieler/670717
2526,surgery,2025-09-08,2026-01-08,123.0,27.0,injury,Dário Essugo,/dario-essugo/profil/spieler/670717
2526,Back injury,2026-03-25,2026-04-01,8.0,2.0,injury,Calvin Bassey,/calvin-bassey/profil/spieler/461883
2526,Thigh problems,2026-04-17,2026-04-24,8.0,2.0,injury,João Pedro,/joao-pedro/profil/spieler/626724
2526,Transferred to Man City U21,2025-07-01,2026-06-30,,,Transfer,Charlie Gray,/charlie-gray/profil/spieler/1033103
2526,Ankle injury,2026-03-01,2026-03-06,6.0,1.0,injury,Nico O'Reilly,/nico-oreilly/profil/spieler/743413
2526,Fitness,2026-06-01,2026-06-03,3.0,1.0,injury,Chemsdine Talbi,/chemsdine-talbi/profil/spieler/743384
2526,Muscle injury,2026-05-21,2026-05-31,11.0,2.0,injury,Chemsdine Talbi,/chemsdine-talbi/profil/spieler/743384
2526,Transferred to Club Brugge,2025-07-01,2025-07-08,,,Transfer,Chemsdine Talbi,/chemsdine-talbi/profil/spieler/743384
2526,Muscle injury,2026-01-11,2026-01-21,11.0,1.0,injury,Enes Ünal,/enes-unal/profil/spieler/251106
2526,Rest,2025-10-31,2025-11-10,11.0,2.0,injury,Enes Ünal,/enes-unal/profil/spieler/251106
2526,concussion,2026-05-04,2026-05-16,13.0,2.0,injury,Zach Abbott,/zach-abbott/profil/spieler/933017
2526,Transferred to Fiorentina,2026-01-19,2026-06-29,,,Transfer,Jack Harrison,/jack-harrison/profil/spieler/417346
2526,Adductor pain,2026-05-02,,122.0,5.0,injury,Hamed Traoré,/hamed-traore/profil/spieler/391065
2526,Dead leg,2025-09-15,2025-12-31,108.0,19.0,injury,Hamed Traoré,/hamed-traore/profil/spieler/391065
2526,Transferred to Marseille,2025-08-29,2026-06-29,,,Transfer,Hamed Traoré,/hamed-traore/profil/spieler/391065
2526,Transferred to Unknown,2025-07-01,2026-01-08,,,Transfer,Mor Talla Ndiaye,/mor-talla-ndiaye/profil/spieler/1414663
2526,Hamstring injury,2026-04-08,2026-06-15,69.0,13.0,injury,Eddie Nketiah,/eddie-nketiah/profil/spieler/340324
2526,Thigh problems,2025-12-31,2026-03-31,91.0,17.0,injury,Eddie Nketiah,/eddie-nketiah/profil/spieler/340324
2526,Thigh problems,2025-10-30,2025-11-21,23.0,3.0,injury,Eddie Nketiah,/eddie-nketiah/profil/spieler/340324
2526,Hamstring injury,2025-08-02,2025-09-18,48.0,8.0,injury,Eddie Nketiah,/eddie-nketiah/profil/spieler/340324
2526,surgery,2026-03-23,2026-05-19,58.0,5.0,injury,Guglielmo Vicario,/guglielmo-vicario/profil/spieler/286047
2526,Knee injury,2026-05-22,2026-07-13,53.0,1.0,injury,Ilia Gruev,/ilia-gruev/profil/spieler/381753
2526,Meniscus injury,2026-04-21,2026-05-21,31.0,5.0,injury,Ilia Gruev,/ilia-gruev/profil/spieler/381753
2526,Ill,2026-02-08,2026-02-11,4.0,1.0,injury,Dominic Calvert-Lewin,/dominic-calvert-lewin/profil/spieler/306024
2526,Fitness,2025-08-15,2025-08-25,11.0,2.0,injury,Dominic Calvert-Lewin,/dominic-calvert-lewin/profil/spieler/306024
2526,Muscle injury,2026-05-15,2026-05-24,10.0,1.0,injury,Jeremie Frimpong,/jeremie-frimpong/profil/spieler/484547
2526,Hamstring injury,2026-01-28,2026-02-25,29.0,5.0,injury,Jeremie Frimpong,/jeremie-frimpong/profil/spieler/484547
2526,Hamstring injury,2025-10-23,2025-12-15,54.0,14.0,injury,Jeremie Frimpong,/jeremie-frimpong/profil/spieler/484547
2526,Hamstring muscle injury,2025-08-21,2025-09-10,21.0,4.0,injury,Jeremie Frimpong,/jeremie-frimpong/profil/spieler/484547
2526,Hamstring injury,2025-08-21,2025-09-02,13.0,2.0,injury,Jeremie Frimpong,/jeremie-frimpong/profil/spieler/484547
2526,Hamstring injury,2025-12-12,2026-01-31,51.0,9.0,injury,Jean-Ricner Bellegarde,/jean-ricner-bellegarde/profil/spieler/450050
2526,Ill,2025-10-17,2025-10-20,4.0,1.0,injury,Jean-Ricner Bellegarde,/jean-ricner-bellegarde/profil/spieler/450050
2526,Hamstring injury,2025-10-01,2025-11-02,33.0,9.0,injury,Lewis Hall,/lewis-hall/profil/spieler/670858
2526,Transferred to Wolves U21,2025-07-01,2026-01-22,,,Transfer,Temple Ojinnaka,/temple-ojinnaka/profil/spieler/813142
2526,Transferred to Shrewsbury,2026-01-23,2026-05-30,,,Transfer,Temple Ojinnaka,/temple-ojinnaka/profil/spieler/813142
2526,Transferred to Wolves U21,2026-05-31,2026-06-30,,,Transfer,Temple Ojinnaka,/temple-ojinnaka/profil/spieler/813142
2526,Transferred to C. Rizespor,2025-09-12,2026-01-09,,,Transfer,Jesurun Rak-Sakyi,/jesurun-rak-sakyi/profil/spieler/586834
2526,Transferred to Stoke City,2026-02-02,2026-05-30,,,Transfer,Jesurun Rak-Sakyi,/jesurun-rak-sakyi/profil/spieler/586834
2526,Knee injury,2026-01-31,2026-10-11,254.0,26.0,injury,Nicolò Savona,/nicolo-savona/profil/spieler/708072
2526,Ankle injury,2025-09-15,2025-09-29,15.0,2.0,injury,Nicolò Savona,/nicolo-savona/profil/spieler/708072
2526,Transferred to Juventus,2025-07-01,2025-08-29,,,Transfer,Nicolò Savona,/nicolo-savona/profil/spieler/708072
2526,Transferred to Besiktas,2025-07-01,2026-01-24,,,Transfer,Tammy Abraham,/tammy-abraham/profil/spieler/331726
2526,Transferred to Roma,2026-01-25,2026-01-25,,,Transfer,Tammy Abraham,/tammy-abraham/profil/spieler/331726
2526,Transferred to Besiktas,2026-01-26,2026-01-26,,,Transfer,Tammy Abraham,/tammy-abraham/profil/spieler/331726
2526,Transferred to FC Porto B,2025-09-01,2025-12-30,,,Transfer,Pedro Lima,/pedro-lima/profil/spieler/1193867
2526,Knock,2026-03-09,2026-03-20,12.0,1.0,injury,Oliver Scarles,/oliver-scarles/profil/spieler/922563
2526,Broken collarbone,2025-10-24,2025-12-26,64.0,6.0,injury,Oliver Scarles,/oliver-scarles/profil/spieler/922563
2526,Rest,2026-04-17,2026-04-20,4.0,1.0,injury,Pau Torres,/pau-torres/profil/spieler/399776
2526,Calf injury,2025-12-07,2026-01-09,34.0,6.0,injury,Pau Torres,/pau-torres/profil/spieler/399776
2526,unknown injury,2026-01-21,2026-02-25,36.0,6.0,injury,Harrison Jones,/harrison-jones/profil/spieler/937840
2526,Transferred to Birmingham,2025-07-02,2026-05-30,,,Transfer,James Beadle,/james-beadle/profil/spieler/670860
2526,unknown injury,2025-12-20,2025-12-31,12.0,2.0,injury,Jorrel Hato,/jorrel-hato/profil/spieler/904802
2526,Transferred to Ajax,2025-07-01,2025-08-02,,,Transfer,Jorrel Hato,/jorrel-hato/profil/spieler/904802
2526,Transferred to Real Sociedad,2025-07-01,2025-07-05,,,Transfer,Martín Zubimendi,/martin-zubimendi/profil/spieler/423440
2526,Ankle injury,2025-09-01,2025-10-13,43.0,7.0,injury,Jacob Ramsey,/jacob-ramsey/profil/spieler/503749
2526,Foot surgery,2026-01-19,2026-06-01,134.0,16.0,injury,Jack Grealish,/jack-grealish/profil/spieler/203460
2526,Ill,2025-12-26,2025-12-28,3.0,1.0,injury,Jack Grealish,/jack-grealish/profil/spieler/203460
2526,Inner ligament injury,2025-08-22,2025-09-01,11.0,3.0,injury,Ethan Ampadu,/ethan-ampadu/profil/spieler/392771
2526,Head injury,2025-11-09,2025-11-12,4.0,,injury,Adam Smith,/adam-smith/profil/spieler/61841
2526,Thigh problems,2025-08-30,2025-10-18,50.0,4.0,injury,Adam Smith,/adam-smith/profil/spieler/61841
2526,Transferred to Crawley Town,2026-01-09,2026-05-30,,,Transfer,Louie Copley,/louie-copley/profil/spieler/843597
2526,Transferred to AJ Auxerre,2025-07-08,2026-01-17,,,Transfer,Ibrahim Osman,/ibrahim-osman/profil/spieler/1110406
2526,Transferred to Birmingham,2026-01-19,2026-05-30,,,Transfer,Ibrahim Osman,/ibrahim-osman/profil/spieler/1110406
2526,Transferred to Lazio,2025-07-01,2025-07-01,,,Transfer,Loum Tchaouna,/loum-tchaouna/profil/spieler/607226
2526,muscular problems,2026-04-15,2026-04-22,8.0,1.0,injury,Joe Gomez,/joe-gomez/profil/spieler/256178
2526,Bruised knee,2026-01-25,2026-02-09,16.0,3.0,injury,Joe Gomez,/joe-gomez/profil/spieler/256178
2526,Hamstring injury,2025-12-14,2026-01-02,20.0,3.0,injury,Joe Gomez,/joe-gomez/profil/spieler/256178
2526,Achilles tendon problems,2025-07-14,2025-08-14,32.0,1.0,injury,Joe Gomez,/joe-gomez/profil/spieler/256178
2526,Transferred to Malmö,2025-07-01,2026-01-31,,,Transfer,Melker Ellborg,/melker-ellborg/profil/spieler/605426
2526,Knee injury,2026-06-16,,77.0,3.0,injury,Tino Livramento,/tino-livramento/profil/spieler/503981
2526,Thigh problems,2026-04-18,2026-06-01,45.0,5.0,injury,Tino Livramento,/tino-livramento/profil/spieler/503981
2526,Hamstring injury,2026-01-11,2026-03-06,55.0,15.0,injury,Tino Livramento,/tino-livramento/profil/spieler/503981
2526,Knee injury,2025-12-18,2026-01-01,15.0,3.0,injury,Tino Livramento,/tino-livramento/profil/spieler/503981
2526,Knee injury,2025-09-28,2025-11-21,55.0,13.0,injury,Tino Livramento,/tino-livramento/profil/spieler/503981
2526,Transferred to Birmingham,2025-07-25,2026-01-04,,,Transfer,Eiran Cashin,/eiran-cashin/profil/spieler/581330
2526,Transferred to Blackburn,2026-01-06,2026-05-30,,,Transfer,Eiran Cashin,/eiran-cashin/profil/spieler/581330
2526,Transferred to Barrow,2026-01-30,2026-05-30,,,Transfer,Jack Thompson,/jack-thompson/profil/spieler/925093
2526,unknown injury,2025-07-18,2025-07-29,12.0,,injury,Álex Jiménez,/alex-jimenez/profil/spieler/741257
2526,Transferred to AC Milan,2025-07-01,2025-08-31,,,Transfer,Álex Jiménez,/alex-jimenez/profil/spieler/741257
2526,Transferred to AC Milan,2026-06-30,2026-06-30,,,Transfer,Álex Jiménez,/alex-jimenez/profil/spieler/741257
2526,Calf injury,2026-03-18,2026-04-09,23.0,5.0,injury,Eberechi Eze,/eberechi-eze/profil/spieler/479999
2526,Transferred to Bayern Munich,2025-07-01,2025-07-28,,,Transfer,Adam Aznou,/adam-aznou/profil/spieler/938146
2526,Transferred to Dep. La Guaira,2025-07-01,2026-01-21,,,Transfer,Keiber Lamadrid,/keiber-lamadrid/profil/spieler/1004203
2526,Transferred to Dep. La Guaira,2026-06-30,2026-06-30,,,Transfer,Keiber Lamadrid,/keiber-lamadrid/profil/spieler/1004203
2526,Hamstring injury,2026-05-10,2026-06-22,44.0,2.0,injury,Kaoru Mitoma,/kaoru-mitoma/profil/spieler/504849
2526,Ankle injury,2026-03-13,2026-03-20,8.0,1.0,injury,Kaoru Mitoma,/kaoru-mitoma/profil/spieler/504849
2526,Ill,2025-12-26,2025-12-28,3.0,1.0,injury,Kaoru Mitoma,/kaoru-mitoma/profil/spieler/504849
2526,Foot injury,2025-10-02,2025-12-08,68.0,14.0,injury,Kaoru Mitoma,/kaoru-mitoma/profil/spieler/504849
2526,Shoulder injury,2026-04-13,2026-05-01,19.0,2.0,injury,Pape Matar Sarr,/pape-matar-sarr/profil/spieler/568693
2526,Transferred to Genk,2025-07-01,2025-08-31,,,Transfer,Tolu Arokodare,/tolu-arokodare/profil/spieler/683571
2526,Transferred to Lazio,2025-07-01,2026-01-26,,,Transfer,Christos Mandas,/christos-mandas/profil/spieler/481675
2526,Transferred to Lazio,2026-06-30,2026-06-30,,,Transfer,Christos Mandas,/christos-mandas/profil/spieler/481675
2526,Transferred to West Brom,2025-09-01,2026-01-31,,,Transfer,Samuel Iling-Junior,/samuel-iling-junior/profil/spieler/581672
2526,Transferred to Pisa,2026-02-02,2026-06-29,,,Transfer,Samuel Iling-Junior,/samuel-iling-junior/profil/spieler/581672
2526,Ankle injury,2026-05-06,,118.0,5.0,injury,Wes Foderingham,/wes-foderingham/profil/spieler/61697
2526,Ligament injury,2026-01-26,2026-02-06,12.0,1.0,injury,Wes Foderingham,/wes-foderingham/profil/spieler/61697
2526,Ankle injury,2025-06-16,2025-09-06,83.0,4.0,injury,Wes Foderingham,/wes-foderingham/profil/spieler/61697
2526,Transferred to Aris Limassol,2025-09-09,2026-06-30,,,Transfer,Wes Foderingham,/wes-foderingham/profil/spieler/61697
2526,Hamstring injury,2026-05-22,2026-06-08,18.0,1.0,injury,Adama Traoré,/adama-traore/profil/spieler/204103
2526,Knee surgery,2026-01-04,2026-05-07,124.0,18.0,injury,Justin Kluivert,/justin-kluivert/profil/spieler/330659
2526,Adductor injury,2025-11-15,2025-11-24,10.0,2.0,injury,Justin Kluivert,/justin-kluivert/profil/spieler/330659
2526,Calf injury,2025-07-16,2025-08-23,39.0,1.0,injury,Justin Kluivert,/justin-kluivert/profil/spieler/330659
2526,concussion,2026-03-10,2026-03-20,11.0,2.0,injury,João Palhinha,/joao-palhinha/profil/spieler/257455
2526,Knock,2026-01-15,2026-01-19,5.0,1.0,injury,João Palhinha,/joao-palhinha/profil/spieler/257455
2526,Transferred to Bayern Munich,2025-07-01,2025-08-02,,,Transfer,João Palhinha,/joao-palhinha/profil/spieler/257455
2526,Transferred to Bayern Munich,2026-06-30,2026-06-30,,,Transfer,João Palhinha,/joao-palhinha/profil/spieler/257455
2526,Knee injury,2026-02-20,2026-03-20,29.0,5.0,injury,Reinildo Mandava,/reinildo-mandava/profil/spieler/240692
2526,Transferred to Atlético,2025-07-01,2025-07-07,,,Transfer,Reinildo Mandava,/reinildo-mandava/profil/spieler/240692
2526,Transferred to Birmingham,2025-09-01,2026-01-31,,,Transfer,Patrick Roberts,/patrick-roberts/profil/spieler/225452
2526,Transferred to Birmingham,2026-02-02,2026-06-30,,,Transfer,Patrick Roberts,/patrick-roberts/profil/spieler/225452
2526,Muscle injury,2026-05-03,2026-05-15,13.0,2.0,injury,Pedro Neto,/pedro-neto/profil/spieler/487465
2526,Knock,2026-02-01,2026-02-06,6.0,1.0,injury,Pedro Neto,/pedro-neto/profil/spieler/487465
2526,Muscle injury,2025-11-09,2025-11-21,13.0,2.0,injury,Pedro Neto,/pedro-neto/profil/spieler/487465
2526,Muscle injury,2025-11-01,2025-11-07,7.0,1.0,injury,Pedro Neto,/pedro-neto/profil/spieler/487465
2526,Hamstring injury,2026-04-26,2026-05-18,23.0,3.0,injury,Ryan Sessegnon,/ryan-sessegnon/profil/spieler/392775
2526,Hamstring strain,2025-12-06,2026-01-06,32.0,7.0,injury,Ryan Sessegnon,/ryan-sessegnon/profil/spieler/392775
2526,minor knock,2025-08-10,2025-08-18,9.0,1.0,injury,Ryan Sessegnon,/ryan-sessegnon/profil/spieler/392775
2526,Muscle injury,2026-04-20,2026-04-30,11.0,1.0,injury,Destiny Udogie,/destiny-udogie/profil/spieler/556385
2526,Hamstring injury,2026-02-07,2026-03-16,38.0,6.0,injury,Destiny Udogie,/destiny-udogie/profil/spieler/556385
2526,Hamstring injury,2025-12-03,2026-01-02,31.0,6.0,injury,Destiny Udogie,/destiny-udogie/profil/spieler/556385
2526,Knee injury,2025-10-18,2025-10-31,14.0,4.0,injury,Destiny Udogie,/destiny-udogie/profil/spieler/556385
2526,Knee injury,2025-07-20,2025-08-30,42.0,3.0,injury,Destiny Udogie,/destiny-udogie/profil/spieler/556385
2526,Head injury,2025-10-24,2025-11-17,25.0,3.0,injury,Omar Alderete,/omar-alderete/profil/spieler/353032
2526,Transferred to Getafe,2025-07-01,2025-08-11,,,Transfer,Omar Alderete,/omar-alderete/profil/spieler/353032
2526,Knee injury,2025-12-13,2025-12-22,10.0,1.0,injury,Nicolás Domínguez,/nicolas-dominguez/profil/spieler/497291
2526,Knee injury,2025-05-30,2025-09-23,117.0,6.0,injury,Nicolás Domínguez,/nicolas-dominguez/profil/spieler/497291
2526,Groin injury,2026-03-04,2026-07-28,147.0,10.0,injury,Nayef Aguerd,/nayef-aguerd/profil/spieler/361914
2526,Ill,2026-02-07,2026-02-09,3.0,1.0,injury,Nayef Aguerd,/nayef-aguerd/profil/spieler/361914
2526,Pubalgia,2025-11-09,2025-11-26,18.0,4.0,injury,Nayef Aguerd,/nayef-aguerd/profil/spieler/361914
2526,Head injury,2025-09-15,2025-09-20,6.0,1.0,injury,Nayef Aguerd,/nayef-aguerd/profil/spieler/361914
2526,Transferred to Marseille,2025-09-01,2026-06-30,,,Transfer,Nayef Aguerd,/nayef-aguerd/profil/spieler/361914
2526,Transferred to Man City U21,2025-07-01,2026-06-30,,,Transfer,Reigan Heskey,/reigan-heskey/profil/spieler/1056437
2526,Transferred to Man City U21,2025-07-01,2026-02-01,,,Transfer,Divine Mukasa,/divine-mukasa/profil/spieler/1047280
2526,Transferred to Leicester,2026-02-02,2026-05-30,,,Transfer,Divine Mukasa,/divine-mukasa/profil/spieler/1047280
2526,Transferred to Man City U21,2026-05-31,2026-06-30,,,Transfer,Divine Mukasa,/divine-mukasa/profil/spieler/1047280
2526,Groin surgery,2025-09-15,2025-12-12,89.0,15.0,injury,Habib Diarra,/habib-diarra/profil/spieler/876631
2526,Transferred to Coventry,2025-07-24,2026-05-30,,,Transfer,Carl Rushworth,/carl-rushworth/profil/spieler/646353
2526,Cruciate ligament surgery,2025-09-24,2026-05-15,234.0,45.0,injury,Tariq Lamptey,/tariq-lamptey/profil/spieler/504148
2526,Knee injury,2025-05-11,2025-09-10,123.0,7.0,injury,Tariq Lamptey,/tariq-lamptey/profil/spieler/504148
2526,Transferred to Fiorentina,2025-09-01,2026-06-30,,,Transfer,Tariq Lamptey,/tariq-lamptey/profil/spieler/504148
2526,Hip injury,2026-03-07,2026-03-16,10.0,2.0,injury,Leandro Trossard,/leandro-trossard/profil/spieler/144028
2526,Ankle problems,2025-11-27,2025-12-05,9.0,2.0,injury,Leandro Trossard,/leandro-trossard/profil/spieler/144028
2526,Hamstring injury,2025-12-14,2026-02-02,51.0,11.0,injury,Daichi Kamada,/daichi-kamada/profil/spieler/356141
2526,Knee problems,2025-08-11,2025-08-25,15.0,3.0,injury,Daichi Kamada,/daichi-kamada/profil/spieler/356141
2526,Cruciate ligament tear,2025-12-29,2026-10-01,277.0,27.0,injury,Josh Cullen,/josh-cullen/profil/spieler/242606
2526,Transferred to Spurs U18,2025-07-01,2026-06-30,,,Transfer,Tye Hall,/tye-hall/profil/spieler/1303354
2526,Knee injury,2026-03-17,2026-03-24,8.0,1.0,injury,Mikkel Damsgaard,/mikkel-damsgaard/profil/spieler/540941
2526,Ill,2025-09-12,2025-09-15,4.0,1.0,injury,Mikkel Damsgaard,/mikkel-damsgaard/profil/spieler/540941
2526,Shoulder injury,2026-04-24,2026-05-03,10.0,1.0,injury,Jair Cunha,/jair-cunha/profil/spieler/984096
2526,Foot injury,2026-03-12,2026-04-13,33.0,5.0,injury,Jair Cunha,/jair-cunha/profil/spieler/984096
2526,Transferred to Botafogo,2025-07-01,2025-07-10,,,Transfer,Jair Cunha,/jair-cunha/profil/spieler/984096
2526,Knee injury,2025-07-27,2025-08-15,20.0,3.0,injury,Danny Imray,/danny-imray/profil/spieler/862109
2526,Transferred to Blackpool,2025-07-15,2026-01-15,,,Transfer,Danny Imray,/danny-imray/profil/spieler/862109
2526,Transferred to West Brom,2026-01-30,2026-05-30,,,Transfer,Danny Imray,/danny-imray/profil/spieler/862109
2526,Calf injury,2025-09-08,2025-10-17,40.0,1.0,injury,Joël Piroe,/joel-piroe/profil/spieler/369962
2526,Hamstring injury,2025-07-28,2025-10-06,71.0,9.0,injury,Gustavo Nunes,/gustavo-nunes/profil/spieler/1086375
2526,Transferred to Swansea,2026-01-22,2026-06-29,,,Transfer,Gustavo Nunes,/gustavo-nunes/profil/spieler/1086375
2526,Muscle injury,2026-04-10,2026-05-08,29.0,4.0,injury,James Milner,/james-milner/profil/spieler/3333
2526,Muscle injury,2025-10-31,2025-12-08,39.0,6.0,injury,James Milner,/james-milner/profil/spieler/3333
2526,Ankle sprain,2026-03-15,2026-04-21,38.0,7.0,injury,Luís Guilherme,/luis-guilherme/profil/spieler/991800
2526,Broken collarbone,2025-08-17,2025-09-12,27.0,3.0,injury,Luís Guilherme,/luis-guilherme/profil/spieler/991800
2526,Transferred to Sporting,2026-01-04,2026-06-30,,,Transfer,Luís Guilherme,/luis-guilherme/profil/spieler/991800
2526,Knock,2026-02-21,2026-02-28,8.0,1.0,injury,Antonee Robinson,/antonee-robinson/profil/spieler/349701
2526,Knee problems,2025-10-17,2025-12-12,57.0,11.0,injury,Antonee Robinson,/antonee-robinson/profil/spieler/349701
2526,Knee problems,2025-09-19,2025-09-22,4.0,1.0,injury,Antonee Robinson,/antonee-robinson/profil/spieler/349701
2526,Rest,2025-08-25,2025-08-29,5.0,1.0,injury,Antonee Robinson,/antonee-robinson/profil/spieler/349701
2526,Transferred to Man Utd U21,2025-07-01,2025-12-31,,,Transfer,Tyler Fredricson,/tyler-fredricson/profil/spieler/911424
2526,Transferred to Unknown,2025-07-01,2025-07-02,,,Transfer,Mohamed Koné,/mohamed-kone/profil/spieler/1287035
2526,Transferred to Ipswich,2026-01-27,2026-06-29,,,Transfer,Dan Neil,/dan-neil/profil/spieler/570336
2526,Hamstring injury,2026-01-08,2026-01-26,19.0,,injury,Jacob Murphy,/jacob-murphy/profil/spieler/199527
2526,Transferred to Bristol Rovers,2026-01-22,2026-06-29,,,Transfer,Yusuf Akhamrich,/yusuf-akhamrich/profil/spieler/1047345
2526,Hamstring injury,2026-05-14,2026-06-01,19.0,2.0,injury,Rico Henry,/rico-henry/profil/spieler/339556
2526,Hamstring injury,2026-03-07,2026-05-08,63.0,7.0,injury,Rico Henry,/rico-henry/profil/spieler/339556
2526,Head injury,2025-12-01,2025-12-05,5.0,1.0,injury,Georginio Rutter,/georginio-rutter/profil/spieler/538977
2526,Muscle injury,2025-08-22,2025-08-25,4.0,1.0,injury,Georginio Rutter,/georginio-rutter/profil/spieler/538977
2526,Hamstring muscle injury,2025-10-11,2025-11-27,48.0,6.0,injury,Taty Castellanos,/taty-castellanos/profil/spieler/522784
2526,Transferred to Lazio,2025-07-01,2026-01-04,,,Transfer,Taty Castellanos,/taty-castellanos/profil/spieler/522784
2526,Knee injury,2026-04-12,2026-06-06,56.0,6.0,injury,Cristian Romero,/cristian-romero/profil/spieler/355915
2526,Adductor injury,2025-10-19,2025-10-31,13.0,4.0,injury,Cristian Romero,/cristian-romero/profil/spieler/355915
2526,Transferred to Fluminense,2025-07-01,2025-07-23,,,Transfer,Jhon Arias,/jhon-arias/profil/spieler/588989
2526,Transferred to Palmeiras,2026-02-07,2026-06-30,,,Transfer,Jhon Arias,/jhon-arias/profil/spieler/588989
2526,Hamstring injury,2025-12-17,2026-02-06,52.0,12.0,injury,Oscar Bobb,/oscar-bobb/profil/spieler/661207
2526,Hamstring injury,2026-02-20,2026-05-10,80.0,10.0,injury,Lewis Cook,/lewis-cook/profil/spieler/249089
2526,Neck bruise,2025-12-29,2026-01-01,4.0,1.0,injury,Lewis Cook,/lewis-cook/profil/spieler/249089
2526,Shoulder injury,2025-09-19,2025-09-29,11.0,2.0,injury,Lewis Cook,/lewis-cook/profil/spieler/249089
2526,Knee injury,2025-07-25,2025-09-13,51.0,4.0,injury,Lewis Cook,/lewis-cook/profil/spieler/249089
2526,Achilles tendon problems,2025-09-13,2026-05-08,238.0,6.0,injury,Connor Roberts,/connor-roberts/profil/spieler/214666
2526,Groin injury,2025-06-10,2025-09-14,97.0,2.0,injury,Connor Roberts,/connor-roberts/profil/spieler/214666
2526,Knee injury,2025-09-21,2025-11-21,62.0,15.0,injury,Noni Madueke,/noni-madueke/profil/spieler/503987
2526,Muscle injury,2025-12-07,2025-12-25,19.0,3.0,injury,Cody Gakpo,/cody-gakpo/profil/spieler/434675
2526,Transferred to Montpellier,2025-07-01,2025-07-25,,,Transfer,Benjamin Lecomte,/benjamin-lecomte/profil/spieler/127181
2526,Hamstring injury,2025-12-15,2026-02-19,67.0,,injury,Toti,/toti/profil/spieler/606718
2526,Ill,2025-10-03,2025-10-06,4.0,,injury,Toti,/toti/profil/spieler/606718
2526,Hamstring injury,2026-05-15,2026-05-24,10.0,1.0,injury,Joelinton,/joelinton/profil/spieler/333241
2526,Groin problems,2026-01-26,2026-02-17,23.0,6.0,injury,Joelinton,/joelinton/profil/spieler/333241
2526,Shin injury,2025-11-09,2025-11-19,11.0,,injury,Joelinton,/joelinton/profil/spieler/333241
2526,Thigh problems,2025-08-29,2025-09-13,16.0,3.0,injury,Joelinton,/joelinton/profil/spieler/333241
2526,Transferred to Leicester,2025-07-01,2025-08-24,,,Transfer,James Justin,/james-justin/profil/spieler/413220
2526,Knee injury,2026-03-12,2026-05-12,62.0,7.0,injury,Bertrand Traoré,/bertrand-traore/profil/spieler/131996
2526,Knee injury,2026-01-06,2026-02-26,52.0,9.0,injury,Bertrand Traoré,/bertrand-traore/profil/spieler/131996
2526,unknown injury,2025-08-16,2025-08-29,14.0,3.0,injury,Bertrand Traoré,/bertrand-traore/profil/spieler/131996
2526,Transferred to Ajax,2025-07-01,2025-08-31,,,Transfer,Bertrand Traoré,/bertrand-traore/profil/spieler/131996
2526,Ankle injury,2026-03-02,2026-03-14,13.0,2.0,injury,Harry Wilson,/harry-wilson/profil/spieler/279455
2526,Knock,2025-10-19,2025-10-31,13.0,2.0,injury,Harry Wilson,/harry-wilson/profil/spieler/279455
2526,Inner ligament injury,2025-08-24,2025-09-12,20.0,4.0,injury,Ao Tanaka,/ao-tanaka/profil/spieler/489359
2526,Inner knee ligament tear,2025-12-08,2026-01-04,28.0,3.0,injury,Jota Silva,/jota-silva/profil/spieler/663244
2526,Transferred to Besiktas,2025-09-12,2026-06-29,,,Transfer,Jota Silva,/jota-silva/profil/spieler/663244
2526,Ill,2026-03-01,2026-03-06,6.0,1.0,injury,Nick Woltemade,/nick-woltemade/profil/spieler/455661
2526,Transferred to Stuttgart,2025-07-01,2025-08-29,,,Transfer,Nick Woltemade,/nick-woltemade/profil/spieler/455661
2526,Hamstring injury,2026-04-19,2026-05-31,43.0,5.0,injury,Jarrad Branthwaite,/jarrad-branthwaite/profil/spieler/661053
2526,unknown injury,2026-03-13,2026-03-17,5.0,1.0,injury,Jarrad Branthwaite,/jarrad-branthwaite/profil/spieler/661053
2526,Hamstring injury,2025-08-10,2026-01-19,163.0,25.0,injury,Jarrad Branthwaite,/jarrad-branthwaite/profil/spieler/661053
2526,Ankle injury,2025-11-03,2026-01-19,78.0,18.0,injury,William Osula,/william-osula/profil/spieler/609556
2526,Hamstring injury,2025-10-01,2025-11-21,52.0,3.0,injury,George Earthy,/george-earthy/profil/spieler/697280
2526,Injury to the ankle,2025-08-15,2025-08-25,11.0,2.0,injury,George Earthy,/george-earthy/profil/spieler/697280
2526,Transferred to Bristol City,2026-01-09,2026-05-30,,,Transfer,George Earthy,/george-earthy/profil/spieler/697280
2526,Knee problems,2026-05-20,2026-05-25,6.0,1.0,injury,Jonah Kusi-Asare,/jonah-kusi-asare/profil/spieler/1069512
2526,cold,2025-12-08,2025-12-14,7.0,2.0,injury,Jonah Kusi-Asare,/jonah-kusi-asare/profil/spieler/1069512
2526,Transferred to Bayern Munich,2025-07-01,2025-08-31,,,Transfer,Jonah Kusi-Asare,/jonah-kusi-asare/profil/spieler/1069512
2526,Transferred to Bayern Munich,2026-06-30,2026-06-30,,,Transfer,Jonah Kusi-Asare,/jonah-kusi-asare/profil/spieler/1069512
2526,unknown injury,2026-03-02,2026-03-08,7.0,1.0,injury,Radu Drăgușin,/radu-dragusin/profil/spieler/568559
2526,Knee problems,2025-12-28,2026-01-16,20.0,4.0,injury,Josh King,/josh-king/profil/spieler/1011131
2526,Ill,2026-02-20,2026-02-23,4.0,1.0,injury,Lyle Foster,/lyle-foster/profil/spieler/467623
2526,Ill,2025-10-31,2025-11-03,4.0,1.0,injury,Lyle Foster,/lyle-foster/profil/spieler/467623
2526,muscular problems,2025-10-16,2025-10-20,5.0,1.0,injury,Lyle Foster,/lyle-foster/profil/spieler/467623
2526,Knee problems,2025-12-29,2026-01-16,19.0,4.0,injury,Ryan Christie,/ryan-christie/profil/spieler/188077
2526,Knee problems,2025-11-24,2025-12-19,26.0,4.0,injury,Ryan Christie,/ryan-christie/profil/spieler/188077
2526,Knock,2025-09-12,2025-09-15,4.0,1.0,injury,Ryan Christie,/ryan-christie/profil/spieler/188077
2526,Transferred to Coventry,2026-02-02,2026-05-30,,,Transfer,Frank Onyeka,/frank-onyeka/profil/spieler/421637
2526,Knock,2025-12-26,2026-01-26,32.0,7.0,injury,Joe Worrall,/joe-worrall/profil/spieler/415970
2526,Knock,2026-01-25,2026-01-31,7.0,1.0,injury,Micky van de Ven,/micky-van-de-ven/profil/spieler/557459
2526,Transferred to Millwall,2026-02-01,2026-06-29,,,Transfer,Anthony Patterson,/anthony-patterson/profil/spieler/475946
2526,Ankle problems,2025-10-20,2025-10-29,10.0,2.0,injury,Ryan Gravenberch,/ryan-gravenberch/profil/spieler/478573
2526,Muscle injury,2026-01-12,2026-02-04,24.0,3.0,injury,Jaka Bijol,/jaka-bijol/profil/spieler/371851
2526,unknown injury,2026-04-25,2026-05-19,25.0,4.0,injury,Dan Ndoye,/dan-ndoye/profil/spieler/365108
2526,unknown injury,2026-03-10,2026-03-14,5.0,1.0,injury,Dan Ndoye,/dan-ndoye/profil/spieler/365108
2526,Knock,2025-12-15,2026-01-07,24.0,5.0,injury,Dan Ndoye,/dan-ndoye/profil/spieler/365108
2526,Transferred to Bologna,2025-07-01,2025-07-30,,,Transfer,Dan Ndoye,/dan-ndoye/profil/spieler/365108
2526,Hamstring injury,2026-04-10,2026-06-15,67.0,7.0,injury,Julio Soler,/julio-soler/profil/spieler/1009658
2526,Hamstring injury,2026-01-11,2026-04-06,86.0,10.0,injury,Julio Soler,/julio-soler/profil/spieler/1009658
2526,Groin problems,2025-10-27,2025-11-21,26.0,6.0,injury,Gabriel Martinelli,/gabriel-martinelli/profil/spieler/655488
2526,Transferred to Wolves U21,2025-07-01,2026-01-02,,,Transfer,Alfie Pond,/alfie-pond/profil/spieler/821522
2526,Transferred to Crewe Alexandra,2026-01-03,2026-05-30,,,Transfer,Alfie Pond,/alfie-pond/profil/spieler/821522
2526,Transferred to Wolves U21,2026-05-31,2026-06-30,,,Transfer,Alfie Pond,/alfie-pond/profil/spieler/821522
2526,Transferred to Marseille,2026-01-23,2026-06-29,,,Transfer,Ethan Nwaneri,/ethan-nwaneri/profil/spieler/890719
2526,unknown injury,2026-05-13,2026-05-19,7.0,1.0,injury,André Onana,/andre-onana/profil/spieler/234509
2526,Rest,2026-03-02,2026-03-04,3.0,1.0,injury,André Onana,/andre-onana/profil/spieler/234509
2526,Rest,2026-01-31,2026-02-04,5.0,1.0,injury,André Onana,/andre-onana/profil/spieler/234509
2526,Rest,2026-01-13,2026-01-15,3.0,1.0,injury,André Onana,/andre-onana/profil/spieler/234509
2526,Rest,2025-12-16,2025-12-18,3.0,1.0,injury,André Onana,/andre-onana/profil/spieler/234509
2526,Rest,2025-11-30,2025-12-04,5.0,1.0,injury,André Onana,/andre-onana/profil/spieler/234509
2526,Hamstring injury,2025-07-12,2025-08-18,38.0,1.0,injury,André Onana,/andre-onana/profil/spieler/234509
2526,Transferred to Trabzonspor,2025-09-11,2026-06-30,,,Transfer,André Onana,/andre-onana/profil/spieler/234509
2526,Hamstring injury,2026-03-20,2026-05-20,62.0,12.0,injury,Alisson,/alisson/profil/spieler/105470
2526,unknown injury,2026-03-09,2026-03-14,6.0,1.0,injury,Alisson,/alisson/profil/spieler/105470
2526,Ill,2025-11-24,2025-11-27,4.0,1.0,injury,Alisson,/alisson/profil/spieler/105470
2526,Hamstring injury,2025-10-01,2025-11-19,50.0,12.0,injury,Alisson,/alisson/profil/spieler/105470
2526,Shoulder injury,2026-03-05,2026-03-16,12.0,2.0,injury,Daniel Muñoz,/daniel-munoz/profil/spieler/493003
2526,Knee injury,2025-12-06,2026-01-19,45.0,12.0,injury,Daniel Muñoz,/daniel-munoz/profil/spieler/493003
2526,Hamstring injury,2026-02-10,2026-03-03,22.0,3.0,injury,Marc Cucurella,/marc-cucurella/profil/spieler/284857
2526,Hamstring injury,2025-12-27,2026-01-05,10.0,2.0,injury,Marc Cucurella,/marc-cucurella/profil/spieler/284857
2526,Calf injury,2025-10-28,2025-11-21,25.0,6.0,injury,Archie Gray,/archie-gray/profil/spieler/922693
2526,Metatarsal fracture,2026-02-22,2026-04-30,68.0,8.0,injury,Vitaly Janelt,/vitaly-janelt/profil/spieler/270171
2526,Back injury,2025-07-14,,414.0,29.0,injury,Caleb Kporha,/caleb-kporha/profil/spieler/1047261
2526,Ankle injury,2025-12-10,2026-02-26,79.0,27.0,injury,Max Dowman,/max-dowman/profil/spieler/1187629
2526,Thigh problems,2025-11-05,2025-12-11,37.0,7.0,injury,Douglas Luiz,/douglas-luiz/profil/spieler/447661
2526,Thigh problems,2025-09-25,2025-10-13,19.0,3.0,injury,Douglas Luiz,/douglas-luiz/profil/spieler/447661
2526,Transferred to Juventus,2025-07-01,2025-08-20,,,Transfer,Douglas Luiz,/douglas-luiz/profil/spieler/447661
2526,Transferred to Juventus,2026-01-27,2026-01-27,,,Transfer,Douglas Luiz,/douglas-luiz/profil/spieler/447661
2526,Transferred to Juventus,2026-06-30,2026-06-30,,,Transfer,Douglas Luiz,/douglas-luiz/profil/spieler/447661
2526,Transferred to Oxford United,2026-01-15,2026-06-29,,,Transfer,Yunus Konak,/yunus-konak/profil/spieler/1141628
2526,Transferred to Man Utd U21,2025-07-01,2026-06-30,,,Transfer,Bendito Mantato,/bendito-mantato/profil/spieler/1085591
2526,Hamstring injury,2026-03-01,2026-04-01,32.0,4.0,injury,Robin Roefs,/robin-roefs/profil/spieler/646991
2526,Transferred to NEC Nijmegen,2025-07-01,2025-07-31,,,Transfer,Robin Roefs,/robin-roefs/profil/spieler/646991
2526,Transferred to FC Annecy,2026-02-12,2026-06-29,,,Transfer,Travis Patterson,/travis-patterson/profil/spieler/874902
2526,Adductor injury,2025-10-20,2026-08-10,295.0,44.0,injury,Caleb Wiley,/caleb-wiley/profil/spieler/746833
2526,Adductor injury,2025-08-01,2025-08-31,31.0,5.0,injury,Caleb Wiley,/caleb-wiley/profil/spieler/746833
2526,Transferred to Watford,2025-07-01,2026-01-08,,,Transfer,Caleb Wiley,/caleb-wiley/profil/spieler/746833
2526,Transferred to Preston,2025-08-22,2026-06-29,,,Transfer,Lewis Dobbin,/lewis-dobbin/profil/spieler/627248
2526,Transferred to Southampton,2025-07-01,2026-02-01,,,Transfer,Adam Armstrong,/adam-armstrong/profil/spieler/250426
2526,Hamstring injury,2026-04-10,2026-06-15,67.0,7.0,injury,Romaine Mundle,/romaine-mundle/profil/spieler/696181
2526,Hamstring injury,2025-07-14,2025-11-21,131.0,12.0,injury,Romaine Mundle,/romaine-mundle/profil/spieler/696181
2526,Knock,2026-05-06,2026-05-11,6.0,1.0,injury,Abdukodir Khusanov,/abdukodir-khusanov/profil/spieler/763079
2526,Ankle injury,2025-09-21,2025-11-12,53.0,11.0,injury,Abdukodir Khusanov,/abdukodir-khusanov/profil/spieler/763079
2526,Transferred to Port Vale,2026-02-01,2026-06-29,,,Transfer,Elijah Campbell,/elijah-campbell/profil/spieler/747598
2526,surgery,2025-05-14,,475.0,61.0,injury,Stefan Bajcetic,/stefan-bajcetic/profil/spieler/864799
2526,Calf injury,2026-03-28,2026-04-17,21.0,3.0,injury,John Stones,/john-stones/profil/spieler/186590
2526,Thigh problems,2025-12-05,2026-02-09,67.0,18.0,injury,John Stones,/john-stones/profil/spieler/186590
2526,Muscle injury,2025-09-01,2025-09-15,15.0,3.0,injury,John Stones,/john-stones/profil/spieler/186590
2526,Transferred to AC Milan,2025-07-01,2025-08-11,,,Transfer,Malick Thiaw,/malick-thiaw/profil/spieler/521964
2526,Calf stiffness,2026-02-28,2026-03-06,7.0,1.0,injury,Zian Flemming,/zian-flemming/profil/spieler/411537
2526,Knock,2025-12-28,2026-01-26,30.0,6.0,injury,Zian Flemming,/zian-flemming/profil/spieler/411537
2526,Hamstring strain,2026-03-01,2026-03-06,6.0,1.0,injury,Ederson,/ederson/profil/spieler/238223
2526,Hamstring strain,2026-02-23,2026-02-28,6.0,1.0,injury,Ederson,/ederson/profil/spieler/238223
2526,muscular problems,2025-10-04,2025-10-21,18.0,4.0,injury,Ederson,/ederson/profil/spieler/238223
2526,Ill,2025-08-15,2025-08-23,9.0,1.0,injury,Ederson,/ederson/profil/spieler/238223
2526,Transferred to Fenerbahçe,2025-09-02,2026-06-30,,,Transfer,Ederson,/ederson/profil/spieler/238223
2526,Muscle injury,2026-04-25,2026-05-04,10.0,2.0,injury,Kai Havertz,/kai-havertz/profil/spieler/309400
2526,Muscle injury,2026-02-11,2026-02-27,17.0,4.0,injury,Kai Havertz,/kai-havertz/profil/spieler/309400
2526,Rest,2026-01-24,2026-01-26,3.0,1.0,injury,Kai Havertz,/kai-havertz/profil/spieler/309400
2526,Rest,2026-01-02,2026-01-09,8.0,2.0,injury,Kai Havertz,/kai-havertz/profil/spieler/309400
2526,Knee injury,2025-08-18,2025-12-29,134.0,32.0,injury,Kai Havertz,/kai-havertz/profil/spieler/309400
2526,Ill,2026-02-19,2026-02-26,8.0,2.0,injury,Jaydon Banel,/jaydon-banel/profil/spieler/706889
2526,Transferred to Derby,2026-01-29,2026-05-30,,,Transfer,Jaydon Banel,/jaydon-banel/profil/spieler/706889
2526,Transferred to Man City U18,2025-07-01,2026-06-30,,,Transfer,Floyd Samba,/floyd-samba/profil/spieler/1263739
2526,Transferred to Morecambe FC,2025-09-02,2026-01-22,,,Transfer,Tom Tweedy,/tom-tweedy/profil/spieler/941809
2526,Transferred to Darlington,2026-01-24,2026-05-30,,,Transfer,Tom Tweedy,/tom-tweedy/profil/spieler/941809
2526,Ankle sprain,2026-01-21,2026-03-16,55.0,10.0,injury,Lucas Bergvall,/lucas-bergvall/profil/spieler/866246
2526,Groin injury,2025-12-28,2026-01-03,7.0,1.0,injury,Lucas Bergvall,/lucas-bergvall/profil/spieler/866246
2526,concussion,2025-11-01,2025-11-21,21.0,4.0,injury,Lucas Bergvall,/lucas-bergvall/profil/spieler/866246
2526,concussion,2026-05-04,2026-05-31,28.0,2.0,injury,Jesse Derry,/jesse-derry/profil/spieler/1135611
2526,Groin problems,2026-04-10,2026-05-01,22.0,2.0,injury,Kaye Furo,/kaye-furo/profil/spieler/1011936
2526,Transferred to Club Brugge,2025-07-01,2026-01-10,,,Transfer,Kaye Furo,/kaye-furo/profil/spieler/1011936
2526,unknown injury,2025-10-17,2025-12-15,60.0,9.0,injury,Bashir Humphreys,/bashir-humphreys/profil/spieler/612517
2526,Groin injury,2025-07-27,2025-11-04,101.0,7.0,injury,Dane Scarlett,/dane-scarlett/profil/spieler/670883
2526,Transferred to Hibernian FC,2026-01-30,2026-05-30,,,Transfer,Dane Scarlett,/dane-scarlett/profil/spieler/670883
2526,Ill,2025-11-01,2025-11-07,7.0,2.0,injury,Mamadou Sarr,/mamadou-sarr/profil/spieler/910905
2526,Dead leg,2025-09-30,2025-10-24,25.0,4.0,injury,Mamadou Sarr,/mamadou-sarr/profil/spieler/910905
2526,Transferred to R. Strasbourg,2025-08-01,2026-02-01,,,Transfer,Mamadou Sarr,/mamadou-sarr/profil/spieler/910905
2526,Transferred to Rangers,2025-09-01,2026-06-30,,,Transfer,Youssef Chermiti,/youssef-chermiti/profil/spieler/670688
2526,Calf injury,2026-01-28,2026-02-23,27.0,6.0,injury,Jérémy Doku,/jeremy-doku/profil/spieler/486049
2526,Muscle injury,2025-12-10,2025-12-28,19.0,4.0,injury,Jérémy Doku,/jeremy-doku/profil/spieler/486049
2526,Hamstring injury,2026-01-18,2026-03-03,45.0,7.0,injury,Saša Lukić,/sasa-lukic/profil/spieler/245056
2526,Groin injury,2025-12-18,2025-12-21,4.0,,injury,Saša Lukić,/sasa-lukic/profil/spieler/245056
2526,Groin injury,2025-10-04,2025-10-24,21.0,3.0,injury,Saša Lukić,/sasa-lukic/profil/spieler/245056
2526,Leg injury,2026-04-16,2026-07-20,96.0,8.0,injury,Callum Hudson-Odoi,/callum-hudson-odoi/profil/spieler/392768
2526,Knock,2026-01-01,2026-01-05,5.0,1.0,injury,Callum Hudson-Odoi,/callum-hudson-odoi/profil/spieler/392768
2526,Thigh problems,2025-11-05,2025-11-21,17.0,2.0,injury,Callum Hudson-Odoi,/callum-hudson-odoi/profil/spieler/392768
2526,unknown injury,2026-05-06,2026-05-12,7.0,1.0,injury,Casemiro,/casemiro/profil/spieler/16306
2526,Adductor injury,2026-02-02,2026-03-02,29.0,5.0,injury,Hannes Delcroix,/hannes-delcroix/profil/spieler/338635
2526,Transferred to FC Lugano,2026-01-15,2026-06-30,,,Transfer,Hannes Delcroix,/hannes-delcroix/profil/spieler/338635
2526,Muscle fatigue,2026-05-01,2026-05-04,4.0,1.0,injury,John McGinn,/john-mcginn/profil/spieler/193116
2526,Knee injury,2026-01-19,2026-03-10,51.0,10.0,injury,John McGinn,/john-mcginn/profil/spieler/193116
2526,Ankle surgery,2026-01-19,2026-06-01,134.0,22.0,injury,Ben Davies,/ben-davies/profil/spieler/192765
2526,Hamstring injury,2025-10-17,2025-11-26,41.0,10.0,injury,Ben Davies,/ben-davies/profil/spieler/192765
2526,Calf injury,2026-02-28,2026-03-18,19.0,4.0,injury,Stefan Ortega,/stefan-ortega/profil/spieler/85941
2526,unknown injury,2026-01-09,2026-01-27,19.0,3.0,injury,Tim Iroegbunam,/tim-iroegbunam/profil/spieler/696589
2526,Calf problems,2026-03-11,2026-03-16,6.0,2.0,injury,Matty Cash,/matty-cash/profil/spieler/425334
2526,Knee problems,2026-02-08,2026-02-20,13.0,2.0,injury,Matty Cash,/matty-cash/profil/spieler/425334
2526,Knee surgery,2026-01-09,,235.0,29.0,injury,Conor Bradley,/conor-bradley/profil/spieler/624258
2526,Muscle injury,2025-11-21,2025-12-06,16.0,4.0,injury,Conor Bradley,/conor-bradley/profil/spieler/624258
2526,Hamstring injury,2025-07-31,2025-08-25,26.0,2.0,injury,Conor Bradley,/conor-bradley/profil/spieler/624258
2526,Neck injury,2026-04-18,2026-05-04,17.0,2.0,injury,Ladislav Krejci,/ladislav-krejci/profil/spieler/345911
2526,Transferred to Girona,2025-07-01,2025-08-27,,,Transfer,Ladislav Krejci,/ladislav-krejci/profil/spieler/345911
2526,Transferred to Girona,2026-06-30,2026-06-30,,,Transfer,Ladislav Krejci,/ladislav-krejci/profil/spieler/345911
2526,Calf injury,2026-02-05,2026-02-12,8.0,2.0,injury,André,/andre/profil/spieler/800176
2526,Transferred to Wolves U21,2025-07-01,2026-06-30,,,Transfer,Ethan Sutherland,/ethan-sutherland/profil/spieler/1044516
2526,Ankle injury,2026-01-11,2026-02-02,23.0,3.0,injury,David Brooks,/david-brooks/profil/spieler/277033
2526,Hamstring injury,2025-10-15,2025-10-31,17.0,1.0,injury,David Brooks,/david-brooks/profil/spieler/277033
2526,Lumbar vertebra problems,2026-05-11,2026-05-15,5.0,1.0,injury,Andreas Pereira,/andreas-pereira/profil/spieler/203394
2526,Transferred to Palmeiras,2025-08-29,2026-06-30,,,Transfer,Andreas Pereira,/andreas-pereira/profil/spieler/203394
2526,Transferred to Shrewsbury,2026-01-15,2026-05-30,,,Transfer,Matthew Cox,/matthew-cox/profil/spieler/741236
2526,Transferred to Rotherham,2026-01-14,2026-06-29,,,Transfer,Harry Gray,/harry-gray/profil/spieler/1108476
2526,Transferred to Swansea,2025-08-14,2026-05-30,,,Transfer,Malick Yalcouyé,/malick-yalcouye/profil/spieler/1178758
2526,Fever,2025-12-31,2026-01-06,7.0,1.0,injury,Wesley Fofana,/wesley-fofana/profil/spieler/475411
2526,Rest,2025-12-02,2025-12-04,3.0,1.0,injury,Wesley Fofana,/wesley-fofana/profil/spieler/475411
2526,Rest,2025-11-21,2025-11-23,3.0,1.0,injury,Wesley Fofana,/wesley-fofana/profil/spieler/475411
2526,concussion,2025-09-24,2025-10-20,27.0,4.0,injury,Wesley Fofana,/wesley-fofana/profil/spieler/475411
2526,Transferred to Cracovia,2025-09-05,2026-01-24,,,Transfer,Milan Aleksic,/milan-aleksic/profil/spieler/942738
2526,Transferred to Bolton,2025-07-01,2026-01-13,,,Transfer,Teddy Sharman-Lowe,/teddy-sharman-lowe/profil/spieler/731466
2526,Ankle injury,2025-12-15,2026-04-30,137.0,19.0,injury,Jocelin Ta Bi,/jocelin-ta-bi/profil/spieler/1322090
2526,Transferred to H. Petah Tikva,2025-07-01,2026-01-14,,,Transfer,Jocelin Ta Bi,/jocelin-ta-bi/profil/spieler/1322090
2526,Transferred to Maccabi Netanya,2026-01-15,2026-01-15,,,Transfer,Jocelin Ta Bi,/jocelin-ta-bi/profil/spieler/1322090
2526,unknown injury,2025-10-18,2025-10-24,7.0,1.0,injury,Sasa Kalajdzic,/sasa-kalajdzic/profil/spieler/369567
2526,Transferred to LASK,2025-09-05,2026-06-29,,,Transfer,Sasa Kalajdzic,/sasa-kalajdzic/profil/spieler/369567
2526,Transferred to Toulouse,2025-07-01,2025-08-31,,,Transfer,Jaydee Canvot,/jaydee-canvot/profil/spieler/1006411
2526,Ill,2026-01-09,2026-01-21,13.0,2.0,injury,Maxim De Cuyper,/maxim-de-cuyper/profil/spieler/429915
2526,Muscle injury,2025-09-19,2025-09-22,4.0,1.0,injury,Maxim De Cuyper,/maxim-de-cuyper/profil/spieler/429915
2526,Transferred to Club Brugge,2025-07-01,2025-07-04,,,Transfer,Maxim De Cuyper,/maxim-de-cuyper/profil/spieler/429915
2526,Ankle surgery,2026-02-16,2026-06-30,135.0,15.0,injury,Michael Obafemi,/michael-obafemi/profil/spieler/444208
2526,Transferred to VfL Bochum,2025-09-01,2026-01-19,,,Transfer,Michael Obafemi,/michael-obafemi/profil/spieler/444208
2526,Transferred to Blackpool,2026-01-21,2026-05-30,,,Transfer,Michael Obafemi,/michael-obafemi/profil/spieler/444208
2526,Transferred to Villarreal,2025-07-01,2025-08-28,,,Transfer,Yéremy Pino,/yeremy-pino/profil/spieler/568157
2526,unknown injury,2026-06-16,2026-06-19,4.0,,injury,Rúben Dias,/ruben-dias/profil/spieler/258004
2526,Hamstring injury,2026-03-18,2026-05-08,52.0,9.0,injury,Rúben Dias,/ruben-dias/profil/spieler/258004
2526,Hamstring injury,2026-01-04,2026-02-07,35.0,8.0,injury,Rúben Dias,/ruben-dias/profil/spieler/258004
2526,Metatarsal bruise,2026-02-23,2026-05-08,75.0,9.0,injury,Kevin,/kevin/profil/spieler/900195
2526,Transferred to Shakhtar D.,2025-07-01,2025-08-31,,,Transfer,Kevin,/kevin/profil/spieler/900195
2526,Muscle injury,2026-04-25,2026-05-19,25.0,2.0,injury,Dominic Solanke,/dominic-solanke/profil/spieler/258889
2526,Ankle surgery,2025-08-24,2026-01-09,139.0,33.0,injury,Dominic Solanke,/dominic-solanke/profil/spieler/258889
2526,Knock,2026-04-10,2026-04-15,6.0,1.0,injury,Kobbie Mainoo,/kobbie-mainoo/profil/spieler/820374
2526,Calf injury,2025-12-16,2026-01-06,22.0,4.0,injury,Kobbie Mainoo,/kobbie-mainoo/profil/spieler/820374
2526,Knock,2025-11-07,2025-11-10,4.0,1.0,injury,Kobbie Mainoo,/kobbie-mainoo/profil/spieler/820374
2526,Knock,2025-11-21,2025-12-22,32.0,7.0,injury,Taiwo Awoniyi,/taiwo-awoniyi/profil/spieler/295313
2526,Transferred to Stoke U21,2025-07-01,2026-02-01,,,Transfer,Jaden Dixon,/jaden-dixon/profil/spieler/1011139
2526,Transferred to Wolves U21,2025-07-01,2025-09-12,,,Transfer,Josh Gracey,/josh-gracey/profil/spieler/1160291
2526,Transferred to Telford Utd,2025-09-13,2026-05-30,,,Transfer,Josh Gracey,/josh-gracey/profil/spieler/1160291
2526,Transferred to Wolves U21,2026-05-31,2026-06-30,,,Transfer,Josh Gracey,/josh-gracey/profil/spieler/1160291
2526,Cruciate ligament tear,2026-04-25,2027-02-20,302.0,7.0,injury,Xavi Simons,/xavi-simons/profil/spieler/566931
2526,Transferred to Leipzig,2025-07-01,2025-08-28,,,Transfer,Xavi Simons,/xavi-simons/profil/spieler/566931
2526,Knee problems,2026-03-02,2026-03-09,8.0,1.0,injury,Lewis Dunk,/lewis-dunk/profil/spieler/148153
2526,Hamstring injury,2025-11-18,2026-03-06,109.0,19.0,injury,Ben Gannon-Doak,/ben-gannon-doak/profil/spieler/719673
2526,Ill,2025-11-21,2025-11-24,4.0,1.0,injury,Antoine Semenyo,/antoine-semenyo/profil/spieler/583255
2526,Hamstring injury,2026-02-13,2026-04-16,63.0,14.0,injury,Bruno Guimarães,/bruno-guimaraes/profil/spieler/520624
2526,Knee injury,2025-08-23,2025-10-05,44.0,4.0,injury,Ki-Jana Hoever,/ki-jana-hoever/profil/spieler/485583
2526,Transferred to Sheff Utd,2026-01-08,2026-05-30,,,Transfer,Ki-Jana Hoever,/ki-jana-hoever/profil/spieler/485583
2526,Knock,2025-09-12,2025-09-15,4.0,1.0,injury,Bafodé Diakité,/bafode-diakite/profil/spieler/463605
2526,Transferred to Lille,2025-07-01,2025-08-12,,,Transfer,Bafodé Diakité,/bafode-diakite/profil/spieler/463605
2526,Transferred to Coventry,2026-01-07,2026-05-30,,,Transfer,Romain Esse,/romain-esse/profil/spieler/967319
2526,Hamstring injury,2026-04-19,2026-05-15,27.0,3.0,injury,Alex Iwobi,/alex-iwobi/profil/spieler/242631
2526,Transferred to Wolves U21,2025-07-01,2026-06-30,,,Transfer,Luke Rawlings,/luke-rawlings/profil/spieler/1083691
2526,Transferred to Man Utd U21,2025-07-01,2026-06-30,,,Transfer,Tyler Fletcher,/tyler-fletcher/profil/spieler/1049911
2526,Ankle problems,2025-12-01,2025-12-12,12.0,3.0,injury,Ismaïla Sarr,/ismaila-sarr/profil/spieler/410225
2526,unknown injury,2025-09-03,2025-09-23,21.0,5.0,injury,Ismaïla Sarr,/ismaila-sarr/profil/spieler/410225
2526,Hamstring injury,2026-02-22,2026-04-13,51.0,8.0,injury,Aaron Hickey,/aaron-hickey/profil/spieler/591949
2526,Rest,2025-12-02,2025-12-04,3.0,1.0,injury,Aaron Hickey,/aaron-hickey/profil/spieler/591949
2526,Knock,2025-10-09,2025-11-03,26.0,5.0,injury,Aaron Hickey,/aaron-hickey/profil/spieler/591949
2526,Adductor pain,2026-03-31,2026-04-10,11.0,2.0,injury,Brajan Gruda,/brajan-gruda/profil/spieler/700106
2526,Muscle injury,2026-01-23,2026-01-26,4.0,1.0,injury,Brajan Gruda,/brajan-gruda/profil/spieler/700106
2526,Knee problems,2025-10-06,2025-11-20,46.0,9.0,injury,Brajan Gruda,/brajan-gruda/profil/spieler/700106
2526,Transferred to Leipzig,2026-02-02,2026-06-30,,,Transfer,Brajan Gruda,/brajan-gruda/profil/spieler/700106
2526,Calf injury,2026-02-07,2026-03-06,28.0,5.0,injury,Pablo,/pablo/profil/spieler/817665
2526,muscular problems,2025-11-27,2025-12-15,19.0,3.0,injury,Pablo,/pablo/profil/spieler/817665
2526,Transferred to Gil Vicente,2025-07-01,2026-01-01,,,Transfer,Pablo,/pablo/profil/spieler/817665
2526,Knock,2025-12-21,2025-12-31,11.0,1.0,injury,Sepp van den Berg,/sepp-van-den-berg/profil/spieler/541231
2526,Transferred to Leicester,2025-07-01,2025-08-08,,,Transfer,Mads Hermansen,/mads-hermansen/profil/spieler/400536
2526,Knock,2026-02-22,2026-04-17,55.0,6.0,injury,Carlos Alcaraz,/carlos-alcaraz/profil/spieler/748319
2526,Knock,2025-12-29,2026-01-19,22.0,5.0,injury,Carlos Alcaraz,/carlos-alcaraz/profil/spieler/748319
2526,cold,2026-02-28,2026-03-03,4.0,1.0,injury,Joachim Andersen,/joachim-andersen/profil/spieler/260827
2526,Muscle injury,2025-10-19,2025-10-31,13.0,2.0,injury,Joachim Andersen,/joachim-andersen/profil/spieler/260827
2526,Transferred to Cardiff,2026-01-16,2026-06-30,,,Transfer,Harry Tyrer,/harry-tyrer/profil/spieler/574448
2526,Thigh problems,2025-11-09,2026-01-09,62.0,11.0,injury,David Ozoh,/david-ozoh/profil/spieler/865993
2526,Transferred to Derby,2025-07-29,2026-05-30,,,Transfer,David Ozoh,/david-ozoh/profil/spieler/865993
2526,Shoulder injury,2026-04-01,2026-04-15,15.0,2.0,injury,Jadon Sancho,/jadon-sancho/profil/spieler/401173
2526,Ill,2026-01-16,2026-01-19,4.0,1.0,injury,Jadon Sancho,/jadon-sancho/profil/spieler/401173
2526,Ill,2025-09-29,2025-10-06,8.0,2.0,injury,Jadon Sancho,/jadon-sancho/profil/spieler/401173
2526,Calf injury,2025-07-31,2025-08-25,26.0,1.0,injury,Joe Willock,/joe-willock/profil/spieler/340329
2526,muscular problems,2026-05-13,2026-05-24,12.0,1.0,injury,Alexander Isak,/alexander-isak/profil/spieler/349066
2526,Adductor pain,2026-05-01,2026-05-07,7.0,1.0,injury,Alexander Isak,/alexander-isak/profil/spieler/349066
2526,Broken fibula,2025-12-21,2026-04-05,106.0,24.0,injury,Alexander Isak,/alexander-isak/profil/spieler/349066
2526,Adductor pain,2025-10-23,2025-11-07,16.0,4.0,injury,Alexander Isak,/alexander-isak/profil/spieler/349066
2526,Fitness,2025-08-10,2025-09-01,23.0,3.0,injury,Alexander Isak,/alexander-isak/profil/spieler/349066
2526,Back injury,2025-09-19,,347.0,38.0,injury,Łukasz Fabiański,/lukasz-fabianski/profil/spieler/29692
2526,Transferred to Without Club,2025-07-01,2025-09-09,,,Transfer,Łukasz Fabiański,/lukasz-fabianski/profil/spieler/29692
2526,Transferred to Middlesbrough,2025-08-27,2026-05-30,,,Transfer,Matt Targett,/matt-targett/profil/spieler/250478
2526,Calf problems,2026-02-06,2026-02-21,16.0,3.0,injury,Tom Cairney,/tom-cairney/profil/spieler/123275
2526,Muscle injury,2025-12-17,2026-02-01,47.0,10.0,injury,Rio Cardines,/rio-cardines/profil/spieler/1047257
2526,Adductor pain,2025-11-03,2025-12-01,29.0,6.0,injury,Rio Cardines,/rio-cardines/profil/spieler/1047257
2526,Hamstring injury,2026-01-01,2026-04-19,109.0,21.0,injury,Aaron Ramsey,/aaron-ramsey/profil/spieler/646658
2526,Hamstring injury,2025-10-25,2025-12-16,53.0,9.0,injury,Aaron Ramsey,/aaron-ramsey/profil/spieler/646658
2526,Transferred to Leicester,2025-09-01,2026-05-30,,,Transfer,Aaron Ramsey,/aaron-ramsey/profil/spieler/646658
2526,Knock,2026-03-14,2026-03-20,7.0,1.0,injury,Emile Smith Rowe,/emile-smith-rowe/profil/spieler/392765
2526,Hamstring injury,2025-10-26,2025-10-31,6.0,1.0,injury,Emile Smith Rowe,/emile-smith-rowe/profil/spieler/392765
2526,Calf injury,2026-02-08,2026-02-28,21.0,5.0,injury,Hee-chan Hwang,/hee-chan-hwang/profil/spieler/292246
2526,Calf problems,2025-10-17,2025-10-20,4.0,1.0,injury,Hee-chan Hwang,/hee-chan-hwang/profil/spieler/292246
2526,Transferred to Wigan,2025-07-31,2026-05-30,,,Transfer,Ryan Trevitt,/ryan-trevitt/profil/spieler/874538
2526,Transferred to Man Utd U18,2025-07-01,2026-06-30,,,Transfer,Godwill Kukonki,/godwill-kukonki/profil/spieler/1184841
2526,Transferred to Leyton Orient,2025-07-29,2026-01-04,,,Transfer,Joe White,/joe-white/profil/spieler/614811
2526,Transferred to Bradford,2026-01-13,2026-06-29,,,Transfer,Joe White,/joe-white/profil/spieler/614811
2526,Thigh problems,2025-11-21,2026-01-12,53.0,9.0,injury,Harry Maguire,/harry-maguire/profil/spieler/177907
2526,Knock,2025-10-24,2025-10-27,4.0,1.0,injury,Harry Maguire,/harry-maguire/profil/spieler/177907
2526,unknown injury,2026-01-17,2026-01-23,7.0,3.0,injury,Leon Bailey,/leon-bailey/profil/spieler/387626
2526,muscular problems,2025-12-21,2026-01-13,24.0,4.0,injury,Leon Bailey,/leon-bailey/profil/spieler/387626
2526,Hamstring muscle injury,2025-11-03,2025-11-25,23.0,5.0,injury,Leon Bailey,/leon-bailey/profil/spieler/387626
2526,Muscle injury,2025-08-20,2025-10-17,59.0,12.0,injury,Leon Bailey,/leon-bailey/profil/spieler/387626
2526,Transferred to Roma,2025-08-20,2026-01-20,,,Transfer,Leon Bailey,/leon-bailey/profil/spieler/387626
2526,unknown injury,2026-03-13,2026-03-20,8.0,1.0,injury,Enzo Le Fée,/enzo-le-fee/profil/spieler/633992
2526,Muscle strain,2025-10-22,2025-10-27,6.0,1.0,injury,Simon Adingra,/simon-adingra/profil/spieler/658536
2526,Transferred to Monaco,2026-02-02,2026-06-29,,,Transfer,Simon Adingra,/simon-adingra/profil/spieler/658536
2526,Knock,2026-04-17,2026-04-30,14.0,1.0,injury,Leny Yoro,/leny-yoro/profil/spieler/923831
2526,Cruciate ligament tear,2026-06-28,,65.0,2.0,injury,Manuel Ugarte,/manuel-ugarte/profil/spieler/476701
2526,Back problems,2026-05-07,2026-05-13,7.0,1.0,injury,Manuel Ugarte,/manuel-ugarte/profil/spieler/476701
2526,Thigh problems,2025-12-06,2026-01-10,36.0,,injury,Ryan Yates,/ryan-yates/profil/spieler/425902
2526,Head injury,2025-11-08,2025-11-21,14.0,2.0,injury,Randal Kolo Muani,/randal-kolo-muani/profil/spieler/487969
2526,Muscle contusion,2025-09-20,2025-11-04,46.0,7.0,injury,Randal Kolo Muani,/randal-kolo-muani/profil/spieler/487969
2526,Transferred to PSG,2025-07-01,2025-08-31,,,Transfer,Randal Kolo Muani,/randal-kolo-muani/profil/spieler/487969
2526,Transferred to PSG,2026-06-30,2026-06-30,,,Transfer,Randal Kolo Muani,/randal-kolo-muani/profil/spieler/487969
2526,Transferred to Molde FK,2026-02-27,2026-06-30,,,Transfer,Trent Koné-Doherty,/trent-kone-doherty/profil/spieler/944140
2526,Back injury,2025-11-30,2026-09-01,276.0,28.0,injury,Matthijs de Ligt,/matthijs-de-ligt/profil/spieler/326031
2526,Ill,2026-03-13,2026-03-20,8.0,2.0,injury,Dean Henderson,/dean-henderson/profil/spieler/258919
2526,Transferred to Valencia,2026-01-26,2026-06-30,,,Transfer,Guido Rodríguez,/guido-rodriguez/profil/spieler/342385
2526,Transferred to Wolves U18,2025-07-01,2026-06-30,,,Transfer,Jerome Abbey,/jerome-abbey/profil/spieler/1370903
2526,Hamstring injury,2026-01-20,2026-02-23,35.0,4.0,injury,Marcus Tavernier,/marcus-tavernier/profil/spieler/399434
2526,Calf injury,2026-01-02,2026-01-16,15.0,3.0,injury,Jayden Bogle,/jayden-bogle/profil/spieler/465717
2526,Ankle injury,2025-11-06,2025-11-21,16.0,3.0,injury,Marc Guéhi,/marc-guehi/profil/spieler/392757
2526,Transferred to Roma,2026-01-16,2026-06-29,,,Transfer,Donyell Malen,/donyell-malen/profil/spieler/326029
2526,Calf injury,2026-03-09,2026-04-07,30.0,3.0,injury,Crysencio Summerville,/crysencio-summerville/profil/spieler/474701
2526,Knock,2025-11-21,2025-12-05,15.0,3.0,injury,Crysencio Summerville,/crysencio-summerville/profil/spieler/474701
2526,Transferred to Suwon Bluewings,2025-07-01,2025-07-23,,,Transfer,Seung-soo Park,/seung-soo-park/profil/spieler/1134717
2526,Cruciate ligament injury,2025-07-25,2026-06-01,312.0,43.0,injury,Adam Webster,/adam-webster/profil/spieler/212847
2526,Transferred to Doncaster,2025-08-05,2025-12-31,,,Transfer,Charlie Crew,/charlie-crew/profil/spieler/883539
2526,Transferred to PSV,2025-07-01,2025-07-01,,,Transfer,Olivier Boscagli,/olivier-boscagli/profil/spieler/318508
2526,Foot injury,2026-03-16,2026-04-30,46.0,4.0,injury,Kenny Tete,/kenny-tete/profil/spieler/206746
2526,Hamstring injury,2026-01-02,2026-01-31,30.0,5.0,injury,Kenny Tete,/kenny-tete/profil/spieler/206746
2526,Knee injury,2025-09-27,2025-10-17,21.0,2.0,injury,Kenny Tete,/kenny-tete/profil/spieler/206746
2526,Virus,2026-05-01,2026-05-04,4.0,1.0,injury,Sander Berge,/sander-berge/profil/spieler/333014
2526,Foot injury,2025-10-27,2025-11-07,12.0,1.0,injury,Emiliano Buendía,/emiliano-buendia/profil/spieler/321247
2526,Muscle injury,2026-01-06,2026-01-09,4.0,1.0,injury,Joël Veltman,/joel-veltman/profil/spieler/111195
2526,Calf injury,2025-10-02,2025-11-07,37.0,5.0,injury,Joël Veltman,/joel-veltman/profil/spieler/111195
2526,Hamstring injury,2026-04-03,2026-06-29,88.0,10.0,injury,Jamie Gittens,/jamie-gittens/profil/spieler/670882
2526,Hamstring injury,2026-02-01,2026-03-31,59.0,12.0,injury,Jamie Gittens,/jamie-gittens/profil/spieler/670882
2526,Ill,2026-01-13,2026-01-18,6.0,2.0,injury,Jamie Gittens,/jamie-gittens/profil/spieler/670882
2526,Shoulder injury,2025-12-19,2025-12-24,6.0,1.0,injury,Jamie Gittens,/jamie-gittens/profil/spieler/670882
2526,Transferred to Dortmund,2025-07-01,2025-07-04,,,Transfer,Jamie Gittens,/jamie-gittens/profil/spieler/670882
2526,Transferred to Barnsley,2026-01-30,2026-05-30,,,Transfer,Tawanda Chirewa,/tawanda-chirewa/profil/spieler/724783
2526,Ill,2026-03-16,2026-03-20,5.0,1.0,injury,Benoît Badiashile,/benoit-badiashile/profil/spieler/463603
2526,Muscle injury,2025-10-17,2025-11-21,36.0,7.0,injury,Benoît Badiashile,/benoit-badiashile/profil/spieler/463603
2526,Muscle injury,2025-07-01,2025-09-24,86.0,10.0,injury,Benoît Badiashile,/benoit-badiashile/profil/spieler/463603
2526,Muscle strain,2025-06-29,2025-07-15,17.0,3.0,injury,Benoît Badiashile,/benoit-badiashile/profil/spieler/463603
2526,Hamstring injury,2026-03-15,2026-05-03,50.0,9.0,injury,Reece James,/reece-james/profil/spieler/472423
2526,Knock,2026-02-01,2026-02-11,11.0,3.0,injury,Reece James,/reece-james/profil/spieler/472423
2526,Hip problems,2026-01-09,2026-01-16,8.0,2.0,injury,Reece James,/reece-james/profil/spieler/472423
2526,Transferred to Southampton,2025-07-01,2025-08-28,,,Transfer,Mateus Fernandes,/mateus-fernandes/profil/spieler/880245
2526,Achilles tendon surgery,2025-06-02,2025-11-21,173.0,12.0,injury,Leo Hjelde,/leo-hjelde/profil/spieler/661208
2526,Transferred to Sheff Utd,2026-02-02,2026-06-29,,,Transfer,Leo Hjelde,/leo-hjelde/profil/spieler/661208
2526,muscular problems,2025-08-18,2025-08-29,12.0,1.0,injury,Alexis Mac Allister,/alexis-mac-allister/profil/spieler/534033
2526,Calf injury,2025-10-28,2025-11-10,14.0,2.0,injury,Benjamin Arthur,/benjamin-arthur/profil/spieler/1144158
2526,Transferred to Celtic,2026-02-02,2026-06-29,,,Transfer,Benjamin Arthur,/benjamin-arthur/profil/spieler/1144158
2526,Transferred to Ayr United,2026-01-26,2026-05-30,,,Transfer,Max Thompson,/max-thompson/profil/spieler/660768
2526,Torn knee ligaments,2026-01-25,2026-04-03,69.0,11.0,injury,Amario Cozier-Duberry,/amario-cozier-duberry/profil/spieler/878150
2526,Transferred to Bolton,2025-07-05,2026-05-30,,,Transfer,Amario Cozier-Duberry,/amario-cozier-duberry/profil/spieler/878150
2526,Ill,2026-03-11,2026-03-16,6.0,1.0,injury,Conor Gallagher,/conor-gallagher/profil/spieler/488362
2526,Transferred to Atlético,2025-07-01,2026-01-13,,,Transfer,Conor Gallagher,/conor-gallagher/profil/spieler/488362
2526,Knock,2026-01-16,2026-01-30,15.0,2.0,injury,Joshua Zirkzee,/joshua-zirkzee/profil/spieler/435648
2526,Transferred to Crawley Town,2025-07-01,2026-02-01,,,Transfer,Harvey Davies,/harvey-davies/profil/spieler/706815
2526,Knock,2026-02-01,2026-03-15,43.0,6.0,injury,Mason Mount,/mason-mount/profil/spieler/346483
2526,Knock,2025-12-27,2026-01-05,10.0,2.0,injury,Mason Mount,/mason-mount/profil/spieler/346483
2526,Knock,2025-08-30,2025-09-18,20.0,1.0,injury,Mason Mount,/mason-mount/profil/spieler/346483
2526,Knock,2025-11-25,2025-12-05,11.0,3.0,injury,Borna Sosa,/borna-sosa/profil/spieler/293194
2526,Transferred to Ajax,2025-07-01,2025-07-10,,,Transfer,Borna Sosa,/borna-sosa/profil/spieler/293194
2526,Shoulder injury,2026-04-09,2026-06-08,61.0,7.0,injury,Sam Johnstone,/sam-johnstone/profil/spieler/110864
2526,Ankle injury,2026-02-27,2026-03-16,18.0,5.0,injury,Rico Lewis,/rico-lewis/profil/spieler/701057
2526,Transferred to Coleraine,2025-08-10,2026-01-05,,,Transfer,Aidan Harris,/aidan-harris/profil/spieler/1019170
2526,Arm injury,2025-09-12,2025-10-13,32.0,4.0,injury,Lucas Perri,/lucas-perri/profil/spieler/352041
2526,Transferred to Lyon,2025-07-01,2025-07-25,,,Transfer,Lucas Perri,/lucas-perri/profil/spieler/352041
2526,Foot injury,2026-01-12,2026-01-14,3.0,,injury,Niclas Füllkrug,/niclas-fullkrug/profil/spieler/75489
2526,Torn muscle bundle,2025-10-08,2025-11-21,45.0,4.0,injury,Niclas Füllkrug,/niclas-fullkrug/profil/spieler/75489
2526,muscular problems,2025-09-05,2025-09-10,6.0,,injury,Niclas Füllkrug,/niclas-fullkrug/profil/spieler/75489
2526,Transferred to AC Milan,2026-01-02,2026-06-29,,,Transfer,Niclas Füllkrug,/niclas-fullkrug/profil/spieler/75489
2526,Transferred to Slavia Prague,2025-07-01,2025-07-14,,,Transfer,El Hadji Malick Diouf,/el-hadji-malick-diouf/profil/spieler/1111589
2526,Knee injury,2026-02-24,2026-05-31,97.0,13.0,injury,Kalvin Phillips,/kalvin-phillips/profil/spieler/351749
2526,Fitness,2025-09-23,2025-10-13,21.0,3.0,injury,Kalvin Phillips,/kalvin-phillips/profil/spieler/351749
2526,Transferred to Sheff Utd,2026-02-02,2026-06-30,,,Transfer,Kalvin Phillips,/kalvin-phillips/profil/spieler/351749
2526,concussion,2026-04-19,2026-04-30,12.0,1.0,injury,Beto,/beto/profil/spieler/595809
2526,Knock,2025-10-08,2025-10-12,5.0,1.0,injury,Yegor Yarmolyuk,/yegor-yarmolyuk/profil/spieler/717411
2526,Knock,2026-02-10,2026-03-10,29.0,5.0,injury,Armando Broja,/armando-broja/profil/spieler/571743
2526,Fitness,2025-06-11,2025-09-01,83.0,6.0,injury,Armando Broja,/armando-broja/profil/spieler/571743
2526,Hamstring injury,2026-01-01,2026-01-09,9.0,2.0,injury,Yankuba Minteh,/yankuba-minteh/profil/spieler/1012534
2526,Achilles tendon problems,2026-02-06,2026-04-30,84.0,12.0,injury,Axel Tuanzebe,/axel-tuanzebe/profil/spieler/342046
2526,unknown injury,2025-11-30,2025-12-20,21.0,2.0,injury,Axel Tuanzebe,/axel-tuanzebe/profil/spieler/342046
2526,Fitness,2025-08-25,2025-09-28,35.0,6.0,injury,Axel Tuanzebe,/axel-tuanzebe/profil/spieler/342046
2526,muscular problems,2025-08-10,2025-08-25,16.0,4.0,injury,Axel Tuanzebe,/axel-tuanzebe/profil/spieler/342046
2526,Achilles tendon problems,2025-08-29,2025-09-15,18.0,4.0,injury,Jørgen Strand Larsen,/jorgen-strand-larsen/profil/spieler/429983
2526,Shoulder injury,2026-06-07,2026-06-13,7.0,,injury,Noussair Mazraoui,/noussair-mazraoui/profil/spieler/340456
2526,Ill,2026-03-19,2026-03-23,5.0,1.0,injury,Noussair Mazraoui,/noussair-mazraoui/profil/spieler/340456
2526,Foot injury,2026-03-04,2026-03-13,10.0,,injury,Noussair Mazraoui,/noussair-mazraoui/profil/spieler/340456
2526,Muscle injury,2025-09-22,2025-10-17,26.0,4.0,injury,Noussair Mazraoui,/noussair-mazraoui/profil/spieler/340456
2526,Knock,2025-07-21,2025-08-29,40.0,9.0,injury,Noussair Mazraoui,/noussair-mazraoui/profil/spieler/340456
2526,Ill,2025-09-19,2025-09-24,6.0,2.0,injury,Josh Acheampong,/josh-acheampong/profil/spieler/1004708
2526,Hip injury,2026-04-17,2026-04-30,14.0,2.0,injury,Anthony Gordon,/anthony-gordon/profil/spieler/503733
2526,Thigh problems,2026-02-06,2026-02-09,4.0,1.0,injury,Anthony Gordon,/anthony-gordon/profil/spieler/503733
2526,Hip problems,2025-11-07,2025-11-24,18.0,4.0,injury,Anthony Gordon,/anthony-gordon/profil/spieler/503733
2526,Transferred to Man City U18,2025-07-01,2025-07-09,,,Transfer,Jayden Lienou,/jayden-lienou/profil/spieler/1122308
2526,Muscle injury,2026-04-02,2026-04-16,15.0,2.0,injury,Cheick Doucouré,/cheick-doucoure/profil/spieler/543387
2526,Knee surgery,2025-12-27,2026-03-20,84.0,20.0,injury,Chris Wood,/chris-wood/profil/spieler/108725
2526,Knee injury,2025-10-22,2025-12-27,67.0,16.0,injury,Chris Wood,/chris-wood/profil/spieler/108725
2526,Transferred to Unknown,2025-07-01,2025-08-03,,,Transfer,Will Wright,/will-wright/profil/spieler/1340428
2526,Transferred to Marine FC,2026-03-24,2026-04-22,,,Transfer,Marley Leuluai,/marley-leuluai/profil/spieler/1092671
2526,unknown injury,2026-02-21,2026-03-09,17.0,4.0,injury,Dennis Cirkin,/dennis-cirkin/profil/spieler/568006
2526,Broken thumb,2025-07-01,2025-10-01,93.0,7.0,injury,Dennis Cirkin,/dennis-cirkin/profil/spieler/568006
2526,Knee injury,2026-05-14,2026-07-20,68.0,3.0,injury,Ben White,/ben-white/profil/spieler/335721
2526,Knock,2026-02-20,2026-03-09,18.0,4.0,injury,Ben White,/ben-white/profil/spieler/335721
2526,Hamstring injury,2025-12-13,2025-12-29,17.0,3.0,injury,Ben White,/ben-white/profil/spieler/335721
2526,Knock,2025-08-17,2025-09-08,23.0,3.0,injury,Ben White,/ben-white/profil/spieler/335721
2526,Muscle injury,2025-10-17,2025-12-06,51.0,8.0,injury,Nathan Patterson,/nathan-patterson/profil/spieler/424015
2526,Muscle injury,2025-08-01,2025-09-11,42.0,6.0,injury,Nathan Patterson,/nathan-patterson/profil/spieler/424015
2526,Adductor injury,2026-04-01,2026-04-21,21.0,3.0,injury,Daniel James,/daniel-james/profil/spieler/319301
2526,Hamstring injury,2025-11-30,2026-02-01,64.0,12.0,injury,Daniel James,/daniel-james/profil/spieler/319301
2526,Ankle injury,2025-09-29,2025-10-13,15.0,2.0,injury,Daniel James,/daniel-james/profil/spieler/319301
2526,Muscle injury,2025-09-15,2025-09-22,8.0,1.0,injury,Daniel James,/daniel-james/profil/spieler/319301
2526,Transferred to Reading,2026-02-02,2026-06-29,,,Transfer,Kadan Young,/kadan-young/profil/spieler/887433
2526,unknown injury,2025-11-02,2025-11-07,6.0,1.0,injury,Kepa Arrizabalaga,/kepa-arrizabalaga/profil/spieler/192279
2526,Knock,2026-05-08,2026-05-15,8.0,1.0,injury,Raúl Jiménez,/raul-jimenez/profil/spieler/206040
2526,Hip injury,2025-09-29,2025-10-17,19.0,3.0,injury,Raúl Jiménez,/raul-jimenez/profil/spieler/206040
2526,Cruciate ligament tear,2025-07-14,2026-04-30,291.0,46.0,injury,Zeki Amdouni,/zeki-amdouni/profil/spieler/548729
2526,Cruciate ligament tear,2025-08-07,2026-04-24,261.0,,injury,Levi Colwill,/levi-colwill/profil/spieler/614258
2526,Ill,2026-03-01,2026-03-05,5.0,,injury,Luke Shaw,/luke-shaw/profil/spieler/183288
2526,Achilles tendon problems,2026-03-19,2026-04-21,34.0,4.0,injury,Philip Billing,/philip-billing/profil/spieler/320411
2526,Transferred to Midtjylland,2025-08-26,2026-06-30,,,Transfer,Philip Billing,/philip-billing/profil/spieler/320411
2526,Muscle injury,2026-03-13,2026-05-03,52.0,8.0,injury,Nilson Angulo,/nilson-angulo/profil/spieler/903611
2526,Transferred to RSC Anderlecht,2025-07-01,2026-02-01,,,Transfer,Nilson Angulo,/nilson-angulo/profil/spieler/903611
2526,Transferred to Northampton,2026-02-02,2026-05-30,,,Transfer,Ben Hammond,/ben-hammond/profil/spieler/667498
2526,Groin problems,2026-04-17,2026-04-24,8.0,1.0,injury,Adam Wharton,/adam-wharton/profil/spieler/744149
2526,Ill,2025-10-27,2025-11-03,8.0,2.0,injury,Adam Wharton,/adam-wharton/profil/spieler/744149
2526,Transferred to Inter,2025-09-01,2026-06-29,,,Transfer,Manuel Akanji,/manuel-akanji/profil/spieler/284730
2526,Ankle surgery,2026-02-17,2026-04-30,73.0,16.0,injury,Edson Álvarez,/edson-alvarez/profil/spieler/401356
2526,Ankle problems,2026-02-13,2026-02-16,4.0,1.0,injury,Edson Álvarez,/edson-alvarez/profil/spieler/401356
2526,Injury to the ankle,2026-01-22,2026-01-31,10.0,4.0,injury,Edson Álvarez,/edson-alvarez/profil/spieler/401356
2526,Fitness,2026-01-12,2026-01-15,4.0,1.0,injury,Edson Álvarez,/edson-alvarez/profil/spieler/401356
2526,Injury to the ankle,2025-12-15,2026-01-12,29.0,4.0,injury,Edson Álvarez,/edson-alvarez/profil/spieler/401356
2526,Rest,2025-11-22,2025-11-24,3.0,1.0,injury,Edson Álvarez,/edson-alvarez/profil/spieler/401356
2526,Fitness,2025-09-19,2025-09-29,11.0,3.0,injury,Edson Álvarez,/edson-alvarez/profil/spieler/401356
2526,Hamstring injury,2025-09-07,2025-09-19,13.0,3.0,injury,Edson Álvarez,/edson-alvarez/profil/spieler/401356
2526,Transferred to Fenerbahçe,2025-08-22,2026-06-29,,,Transfer,Edson Álvarez,/edson-alvarez/profil/spieler/401356
2526,Transferred to Man Utd U21,2025-07-01,2026-06-30,,,Transfer,Jack Fletcher,/jack-fletcher/profil/spieler/1011140
2526,Ill,2025-11-13,2025-11-19,7.0,,injury,Quilindschy Hartman,/quilindschy-hartman/profil/spieler/514285
2526,Foot injury,2026-06-11,2026-08-04,55.0,,injury,Wataru Endo,/wataru-endo/profil/spieler/146310
2526,Ankle ligament tear,2026-02-11,2026-05-22,101.0,20.0,injury,Wataru Endo,/wataru-endo/profil/spieler/146310
2526,Ankle injury,2025-12-07,2026-01-10,35.0,7.0,injury,Wataru Endo,/wataru-endo/profil/spieler/146310
2526,unknown injury,2025-10-08,2025-10-20,13.0,3.0,injury,Wataru Endo,/wataru-endo/profil/spieler/146310
2526,Back problems,2025-12-19,2025-12-21,3.0,1.0,injury,Danny Welbeck,/danny-welbeck/profil/spieler/67063
2526,Calf injury,2025-09-19,2025-11-17,60.0,7.0,injury,Wilfried Gnonto,/wilfried-gnonto/profil/spieler/627626
2526,Transferred to Heart of Midl.,2025-07-01,2026-02-01,,,Transfer,James Wilson,/james-wilson/profil/spieler/1041600
2526,Transferred to Heart of Midl.,2026-06-30,2026-06-30,,,Transfer,James Wilson,/james-wilson/profil/spieler/1041600
2526,Transferred to Hellas Verona,2025-07-01,2025-08-18,,,Transfer,Jackson Tchatchoua,/jackson-tchatchoua/profil/spieler/848509
2526,Transferred to Boreham Wood,2025-09-01,2025-10-28,,,Transfer,Finlay Herrick,/finlay-herrick/profil/spieler/848439
2526,Transferred to Southampton,2025-07-01,2025-08-01,,,Transfer,Aaron Ramsdale,/aaron-ramsdale/profil/spieler/427568
2526,Transferred to Southampton,2026-06-30,2026-06-30,,,Transfer,Aaron Ramsdale,/aaron-ramsdale/profil/spieler/427568
2526,Ill,2026-01-30,2026-02-01,3.0,1.0,injury,Jack Hinshelwood,/jack-hinshelwood/profil/spieler/867688
2526,Ligament injury,2025-09-13,2025-11-21,70.0,13.0,injury,Jack Hinshelwood,/jack-hinshelwood/profil/spieler/867688
2526,Knock,2025-08-14,2025-08-24,11.0,1.0,injury,Jack Hinshelwood,/jack-hinshelwood/profil/spieler/867688
2526,Hamstring strain,2025-10-22,2025-11-18,28.0,5.0,injury,İlkay Gündoğan,/ilkay-gundogan/profil/spieler/53622
2526,Cruciate ligament tear,2026-02-10,2026-11-28,292.0,17.0,injury,Wilson Odobert,/wilson-odobert/profil/spieler/743498
2526,Hamstring injury,2026-03-21,2026-04-30,41.0,5.0,injury,Hannibal,/hannibal/profil/spieler/607224
2526,Thigh problems,2026-04-26,2026-05-12,17.0,2.0,injury,Mohamed Salah,/mohamed-salah/profil/spieler/148455
2526,muscular problems,2026-03-18,2026-04-01,15.0,3.0,injury,Mohamed Salah,/mohamed-salah/profil/spieler/148455
2526,Knock,2026-02-20,2026-02-23,4.0,1.0,injury,Michael Kayode,/michael-kayode/profil/spieler/823486
2526,Ill,2025-12-19,2025-12-28,10.0,2.0,injury,Harvey Elliott,/harvey-elliott/profil/spieler/565822
2526,Transferred to West Brom,2026-02-02,2026-06-29,,,Transfer,Jamaldeen Jimoh-Aloba,/jamaldeen-jimoh-aloba/profil/spieler/954105
2526,Transferred to Sparta Prague,2026-01-29,2026-06-29,,,Transfer,Oliver Sonne,/oliver-sonne/profil/spieler/541628
2526,Knee injury,2026-04-18,2026-05-16,29.0,3.0,injury,Diego Gómez,/diego-gomez/profil/spieler/996897
2526,Muscle injury,2026-01-28,2026-02-06,10.0,1.0,injury,Diego Gómez,/diego-gomez/profil/spieler/996897
2526,influenza,2026-01-03,2026-01-06,4.0,1.0,injury,Lorenzo Lucca,/lorenzo-lucca/profil/spieler/572265
2526,Transferred to Udinese,2025-07-01,2025-07-17,,,Transfer,Lorenzo Lucca,/lorenzo-lucca/profil/spieler/572265
2526,Transferred to Napoli,2025-07-18,2026-01-20,,,Transfer,Lorenzo Lucca,/lorenzo-lucca/profil/spieler/572265
2526,Transferred to Udinese,2026-01-21,2026-01-21,,,Transfer,Lorenzo Lucca,/lorenzo-lucca/profil/spieler/572265
2526,Transferred to Napoli,2026-01-22,2026-01-22,,,Transfer,Lorenzo Lucca,/lorenzo-lucca/profil/spieler/572265
2526,Transferred to Napoli,2026-06-30,2026-06-30,,,Transfer,Lorenzo Lucca,/lorenzo-lucca/profil/spieler/572265
2526,Transferred to Man City U21,2025-07-01,2026-01-29,,,Transfer,Stephen Mfuni,/stephen-mfuni/profil/spieler/1049020
2526,Transferred to Watford,2026-01-30,2026-06-29,,,Transfer,Stephen Mfuni,/stephen-mfuni/profil/spieler/1049020
2526,Transferred to Man City U21,2026-06-30,2026-06-30,,,Transfer,Stephen Mfuni,/stephen-mfuni/profil/spieler/1049020
2526,Broken hand,2026-04-10,2026-06-08,60.0,7.0,injury,Simon Moore,/simon-moore/profil/spieler/123536
2526,Transferred to Wolves U21,2025-07-01,2026-06-30,,,Transfer,Tom Edozie,/tom-edozie/profil/spieler/1065227
2526,Hamstring injury,2025-07-08,2026-08-03,392.0,42.0,injury,Jordan Beyer,/jordan-beyer/profil/spieler/403898
2526,Transferred to Leipzig,2025-07-01,2025-08-31,,,Transfer,Lutsharel Geertruida,/lutsharel-geertruida/profil/spieler/420210
2526,Transferred to Leipzig,2026-06-30,2026-06-30,,,Transfer,Lutsharel Geertruida,/lutsharel-geertruida/profil/spieler/420210
2526,Rest,2025-08-01,2025-08-15,15.0,2.0,injury,Tyler Dibling,/tyler-dibling/profil/spieler/866655
2526,Transferred to Southampton,2025-07-01,2025-08-24,,,Transfer,Tyler Dibling,/tyler-dibling/profil/spieler/866655
2526,Ankle injury,2025-08-01,2025-08-25,25.0,4.0,injury,Luke Harris,/luke-harris/profil/spieler/817612
2526,Transferred to Oxford United,2025-07-25,2026-01-06,,,Transfer,Luke Harris,/luke-harris/profil/spieler/817612
2526,Transferred to Wycombe,2026-01-19,2026-05-30,,,Transfer,Luke Harris,/luke-harris/profil/spieler/817612
2526,Shoulder injury,2026-02-14,2026-02-20,7.0,,injury,Arnaud Kalimuendo,/arnaud-kalimuendo/profil/spieler/585959
2526,Transferred to Stade Rennais,2025-07-01,2025-08-17,,,Transfer,Arnaud Kalimuendo,/arnaud-kalimuendo/profil/spieler/585959
2526,Transferred to Frankfurt,2026-01-07,2026-06-29,,,Transfer,Arnaud Kalimuendo,/arnaud-kalimuendo/profil/spieler/585959
2526,minor knock,2026-03-10,2026-03-18,9.0,1.0,injury,Carlos Baleba,/carlos-baleba/profil/spieler/973085
2526,Transferred to Olympiacos U19,2025-07-01,2025-07-15,,,Transfer,Lamin Sillah,/lamin-sillah/profil/spieler/1328146
2526,Transferred to Monaco,2025-07-01,2025-08-28,,,Transfer,Soungoutou Magassa,/soungoutou-magassa/profil/spieler/745181
2526,Rest,2026-03-20,2026-03-23,4.0,1.0,injury,Victor Lindelöf,/victor-lindelof/profil/spieler/184573
2526,Hamstring injury,2026-02-17,2026-05-31,104.0,20.0,injury,Tyler Onyango,/tyler-onyango/profil/spieler/663225
2526,Transferred to Stockport,2025-09-01,2026-06-29,,,Transfer,Tyler Onyango,/tyler-onyango/profil/spieler/663225
2526,Transferred to Galatasaray,2025-09-02,2026-06-30,,,Transfer,Ilkay Gündogan,/ilkay-gundogan/profil/spieler/53622
2526,Suspended,2026-05-08,2026-06-01,25.0,3.0,suspension,Álex Jiménez,/alex-jimenez/profil/spieler/741257
2526,Red card suspension,2026-02-09,2026-02-12,4.0,1.0,suspension,Dominik Szoboszlai,/dominik-szoboszlai/profil/spieler/451276
2526,Yellow card suspension,2025-12-21,2025-12-28,8.0,1.0,suspension,Dominik Szoboszlai,/dominik-szoboszlai/profil/spieler/451276
2526,Indirect card suspension,2026-02-23,2026-02-28,6.0,1.0,suspension,Ladislav Krejci,/ladislav-krejci/profil/spieler/345911
2526,No eligibility,2025-08-14,2025-08-16,3.0,,absence,Giovanni Leoni,/giovanni-leoni/profil/spieler/1086619
2526,Suspended,2025-08-15,2025-08-17,3.0,1.0,suspension,Alexander Isak,/alexander-isak/profil/spieler/349066
2526,Indirect card suspension,2026-03-05,2026-03-08,4.0,1.0,suspension,Jacob Ramsey,/jacob-ramsey/profil/spieler/503749
2526,Suspended,2025-08-15,2025-08-17,3.0,,suspension,Jacob Ramsey,/jacob-ramsey/profil/spieler/503749
2526,Red card suspension,2026-03-01,2026-03-06,6.0,1.0,suspension,Maxence Lacroix,/maxence-lacroix/profil/spieler/434224
2526,In training camp with first team,2025-08-15,2025-08-17,3.0,1.0,absence,Alex Murphy,/alex-murphy/profil/spieler/900601
2526,Indirect card suspension,2025-09-24,2025-09-28,5.0,1.0,suspension,Hugo Ekitiké,/hugo-ekitike/profil/spieler/709726
2526,special leave,2026-03-20,2026-03-23,4.0,1.0,absence,Kristoffer Ajer,/kristoffer-ajer/profil/spieler/328658
2526,Called up to national team,2025-12-15,2026-01-10,27.0,5.0,absence,Aaron Wan-Bissaka,/aaron-wan-bissaka/profil/spieler/477758
2526,Yellow card suspension,2026-04-11,2026-04-26,16.0,2.0,suspension,Yerson Mosquera,/yerson-mosquera/profil/spieler/716276
2526,Called up to national team,2025-12-22,2026-01-11,21.0,5.0,absence,Dango Ouattara,/dango-ouattara/profil/spieler/823231
2526,Called up to national team,2025-12-15,2026-01-12,29.0,6.0,absence,Emmanuel Agbadou,/emmanuel-agbadou/profil/spieler/683895
2526,Red card suspension,2025-11-02,2025-11-21,20.0,1.0,suspension,Emmanuel Agbadou,/emmanuel-agbadou/profil/spieler/683895
2526,Called up to national team,2025-12-15,2026-01-19,36.0,8.0,absence,Noussair Mazraoui,/noussair-mazraoui/profil/spieler/340456
2526,Yellow card suspension,2025-12-07,2025-12-14,8.0,1.0,suspension,Conor Bradley,/conor-bradley/profil/spieler/624258
2526,Called up to national team,2025-12-15,2026-01-19,36.0,9.0,absence,Omar Marmoush,/omar-marmoush/profil/spieler/445939
2526,Called up to national team,2025-12-15,2026-01-19,36.0,8.0,absence,Frank Onyeka,/frank-onyeka/profil/spieler/421637
2526,Red card suspension,2025-08-26,2025-09-22,28.0,3.0,suspension,Anthony Gordon,/anthony-gordon/profil/spieler/503733
2526,Yellow card suspension,2025-12-01,2025-12-03,3.0,1.0,suspension,Marcos Senesi,/marcos-senesi/profil/spieler/469781
2526,Red card suspension,2026-02-02,2026-02-22,21.0,2.0,suspension,Kevin Schade,/kevin-schade/profil/spieler/473050
2526,Yellow card suspension,2025-12-13,2025-12-15,3.0,1.0,suspension,Kevin Schade,/kevin-schade/profil/spieler/473050
2526,Called up to national team,2025-12-15,2026-01-19,36.0,7.0,absence,Iliman Ndiaye,/iliman-ndiaye/profil/spieler/623570
2526,Red card suspension,2026-01-08,2026-01-27,20.0,2.0,suspension,Michael Keane,/michael-keane/profil/spieler/118534
2526,Yellow card suspension,2026-01-02,2026-01-05,4.0,1.0,suspension,Ethan Ampadu,/ethan-ampadu/profil/spieler/392771
2526,No eligibility,2025-08-15,2025-08-19,5.0,1.0,absence,Tom King,/tom-king/profil/spieler/215810
2526,Yellow card suspension,2025-10-04,2025-10-06,3.0,1.0,suspension,Kiernan Dewsbury-Hall,/kiernan-dewsbury-hall/profil/spieler/475188
2526,Red card suspension,2025-09-28,2025-10-05,8.0,1.0,suspension,Trevoh Chalobah,/trevoh-chalobah/profil/spieler/346314
2526,Suspended,2025-08-14,2025-08-16,3.0,1.0,suspension,Ben Gannon-Doak,/ben-gannon-doak/profil/spieler/719673
2526,No eligibility,2025-09-11,2025-12-31,112.0,17.0,absence,Ola Aina,/ola-aina/profil/spieler/236490
2526,Called up to national team,2025-12-15,2026-01-11,28.0,7.0,absence,Bryan Mbeumo,/bryan-mbeumo/profil/spieler/413039
2526,In training camp with first team,2025-08-17,2025-08-19,3.0,1.0,absence,Sam Chambers,/sam-chambers/profil/spieler/980343
2526,Called up to national team,2025-12-15,2026-01-12,29.0,6.0,absence,Evann Guessand,/evann-guessand/profil/spieler/500689
2526,Called up to national team,2025-12-15,2026-01-19,36.0,7.0,absence,Habib Diarra,/habib-diarra/profil/spieler/876631
2526,In training camp with first team,2025-08-14,2025-08-16,3.0,1.0,absence,Ármin Pécsi,/armin-pecsi/profil/spieler/933215
2526,Called up to national team,2025-12-15,2026-01-12,29.0,7.0,absence,Rayan Aït-Nouri,/rayan-ait-nouri/profil/spieler/578391
2526,Red card suspension,2025-05-26,2025-08-16,83.0,1.0,suspension,Ryan Gravenberch,/ryan-gravenberch/profil/spieler/478573
2526,special leave,2026-02-27,2026-03-01,3.0,1.0,absence,Caoimhín Kelleher,/caoimhin-kelleher/profil/spieler/340918
2526,Called up to national team,2025-12-15,2026-01-08,25.0,5.0,absence,Arthur Masuaku,/arthur-masuaku/profil/spieler/181380
2526,Red card suspension,2026-02-08,2026-03-06,27.0,4.0,suspension,Cristian Romero,/cristian-romero/profil/spieler/355915
2526,Indirect card suspension,2025-12-20,2025-12-29,10.0,1.0,suspension,Cristian Romero,/cristian-romero/profil/spieler/355915
2526,Yellow card suspension,2025-11-24,2025-11-30,7.0,1.0,suspension,Cristian Romero,/cristian-romero/profil/spieler/355915
2526,Red card suspension,2026-02-15,2026-03-05,19.0,3.0,suspension,Freddie Potts,/freddie-potts/profil/spieler/698164
2526,Yellow card suspension,2025-12-16,2025-12-22,7.0,1.0,suspension,Casemiro,/casemiro/profil/spieler/16306
2526,Indirect card suspension,2025-09-21,2025-09-28,8.0,1.0,suspension,Casemiro,/casemiro/profil/spieler/16306
2526,Yellow card suspension,2025-12-28,2025-12-31,4.0,1.0,suspension,André,/andre/profil/spieler/800176
2526,Yellow card suspension,2025-12-07,2025-12-14,8.0,1.0,suspension,Kyle Walker,/kyle-walker/profil/spieler/95424
2526,Called up to national team,2025-12-15,2026-01-19,36.0,7.0,absence,El Hadji Malick Diouf,/el-hadji-malick-diouf/profil/spieler/1111589
2526,In training camp with first team,2025-08-14,2025-08-16,3.0,1.0,absence,Owen Bevan,/owen-bevan/profil/spieler/583990
2526,Called up to national team,2025-12-15,2026-01-07,24.0,5.0,absence,Reinildo Mandava,/reinildo-mandava/profil/spieler/240692
2526,Red card suspension,2025-09-21,2025-10-19,29.0,3.0,suspension,Reinildo Mandava,/reinildo-mandava/profil/spieler/240692
2526,Yellow card suspension,2026-04-13,2026-04-26,14.0,2.0,suspension,Joelinton,/joelinton/profil/spieler/333241
2526,Yellow card suspension,2026-01-09,2026-01-20,12.0,1.0,suspension,Joelinton,/joelinton/profil/spieler/333241
2526,Indirect card suspension,2026-03-16,2026-03-22,7.0,1.0,suspension,Gabriel Gudmundsson,/gabriel-gudmundsson/profil/spieler/362108
2526,Yellow card suspension,2025-12-31,2026-01-05,6.0,1.0,suspension,Moisés Caicedo,/moises-caicedo/profil/spieler/687626
2526,Red card suspension,2025-12-01,2025-12-14,14.0,3.0,suspension,Moisés Caicedo,/moises-caicedo/profil/spieler/687626
2526,Red card suspension,2026-02-02,2026-02-07,6.0,1.0,suspension,Neco Williams,/neco-williams/profil/spieler/503680
2526,Red card suspension,2026-05-10,2026-08-25,108.0,3.0,suspension,Joachim Andersen,/joachim-andersen/profil/spieler/260827
2526,No eligibility,2025-10-31,2025-11-02,3.0,1.0,absence,Harvey Elliott,/harvey-elliott/profil/spieler/565822
2526,Called up to national team,2025-09-25,2025-10-19,25.0,3.0,absence,Julio Soler,/julio-soler/profil/spieler/1009658
2526,Red card suspension,2026-03-22,2026-04-12,22.0,1.0,suspension,Josh Laurent,/josh-laurent/profil/spieler/314241
2526,Yellow card suspension,2026-03-20,2026-03-22,3.0,1.0,suspension,Lucas Pires,/lucas-pires/profil/spieler/927768
2526,Red card suspension,2025-12-07,2025-12-14,8.0,1.0,suspension,Lucas Pires,/lucas-pires/profil/spieler/927768
2526,special leave,2025-08-16,2025-08-18,3.0,1.0,absence,Mikkel Damsgaard,/mikkel-damsgaard/profil/spieler/540941
2526,Yellow card suspension,2025-12-05,2025-12-07,3.0,1.0,suspension,Tim Iroegbunam,/tim-iroegbunam/profil/spieler/696589
2526,Red card suspension,2025-08-23,2025-08-27,5.0,1.0,suspension,Toti,/toti/profil/spieler/606718
2526,Suspension through sports court,2026-03-13,2026-03-15,3.0,1.0,suspension,Pedro Neto,/pedro-neto/profil/spieler/487465
2526,special leave,2025-08-01,2025-10-03,64.0,9.0,absence,Ross Barkley,/ross-barkley/profil/spieler/131978
2526,In training camp with first team,2025-08-14,2025-08-16,3.0,1.0,absence,Callan McKenna,/callan-mckenna/profil/spieler/983248
2526,Red card suspension,2025-08-15,2025-08-18,4.0,1.0,suspension,Emiliano Martínez,/emiliano-martinez/profil/spieler/111873
2526,Called up to national team,2025-12-15,2026-01-12,29.0,6.0,absence,Willy Boly,/willy-boly/profil/spieler/142310
2526,special leave,2026-01-30,2026-02-01,3.0,1.0,absence,Estêvão,/estevao/profil/spieler/1056993
2526,Red card suspension,2026-04-14,2026-05-04,21.0,3.0,suspension,Lisandro Martínez,/lisandro-martinez/profil/spieler/480762
2526,No eligibility,2026-02-06,2026-02-08,3.0,1.0,absence,James Ward-Prowse,/james-ward-prowse/profil/spieler/181579
2526,Suspended,2025-09-21,2026-01-07,109.0,16.0,suspension,James Ward-Prowse,/james-ward-prowse/profil/spieler/181579
2526,Red card suspension,2026-02-01,2026-02-15,15.0,3.0,suspension,Jean-Clair Todibo,/jean-clair-todibo/profil/spieler/605184
2526,Red card suspension,2025-08-16,2025-08-24,9.0,1.0,suspension,Ezri Konsa,/ezri-konsa/profil/spieler/413403
2526,Called up to national team,2025-12-15,2026-01-19,36.0,8.0,absence,Alex Iwobi,/alex-iwobi/profil/spieler/242631
2526,Indirect card suspension,2025-12-01,2025-12-05,5.0,1.0,suspension,Lucas Paquetá,/lucas-paqueta/profil/spieler/444523
2526,Yellow card suspension,2025-11-09,2025-11-23,15.0,1.0,suspension,Lucas Paquetá,/lucas-paqueta/profil/spieler/444523
2526,Called up to national team,2025-12-15,2026-01-19,36.0,9.0,absence,Ismaïla Sarr,/ismaila-sarr/profil/spieler/410225
2526,Red card suspension,2025-05-05,2025-08-17,105.0,,suspension,Callum Marshall,/callum-marshall/profil/spieler/953135
2526,visa issues,2025-08-17,2025-08-19,3.0,1.0,absence,Adam Aznou,/adam-aznou/profil/spieler/938146
2526,Called up to national team,2025-12-15,2026-01-19,36.0,8.0,absence,Samuel Chukwueze,/samuel-chukwueze/profil/spieler/401922
2526,Yellow card suspension,2026-03-22,2026-04-19,29.0,2.0,suspension,Lewis Dunk,/lewis-dunk/profil/spieler/148153
2526,Yellow card suspension,2025-12-19,2025-12-21,3.0,1.0,suspension,Lewis Dunk,/lewis-dunk/profil/spieler/148153
2526,Called up to national team,2025-12-15,2026-01-08,25.0,5.0,absence,Noah Sadiki,/noah-sadiki/profil/spieler/727089
2526,Called up to national team,2025-12-15,2026-01-19,36.0,8.0,absence,Calvin Bassey,/calvin-bassey/profil/spieler/461883
2526,Indirect card suspension,2025-08-29,2025-08-31,3.0,1.0,suspension,Julián Araujo,/julian-araujo/profil/spieler/513970
2526,Called up to national team,2025-12-15,2026-01-08,25.0,5.0,absence,Bertrand Traoré,/bertrand-traore/profil/spieler/131996
2526,No eligibility,2026-02-11,2026-02-13,3.0,1.0,absence,Reiss Nelson,/reiss-nelson/profil/spieler/340325
2526,No eligibility,2025-12-02,2025-12-04,3.0,1.0,absence,Reiss Nelson,/reiss-nelson/profil/spieler/340325
2526,Called up to national team,2025-12-15,2026-01-12,29.0,6.0,absence,Ibrahim Sangaré,/ibrahim-sangare/profil/spieler/375885
2526,Called up to national team,2025-12-15,2026-01-06,23.0,4.0,absence,Lyle Foster,/lyle-foster/profil/spieler/467623
2526,Indirect card suspension,2025-11-09,2025-11-23,15.0,1.0,suspension,Dan Burn,/dan-burn/profil/spieler/134270
2526,Yellow card suspension,2025-12-19,2025-12-21,3.0,1.0,suspension,Diego Gómez,/diego-gomez/profil/spieler/996897
2526,Suspended,2026-01-04,2026-01-07,4.0,1.0,suspension,Callum Wilson,/callum-wilson/profil/spieler/123682
2526,visa issues,2025-08-15,2025-08-17,3.0,1.0,absence,Luís Guilherme,/luis-guilherme/profil/spieler/991800
2526,Yellow card suspension,2025-12-28,2025-12-31,4.0,1.0,suspension,Matty Cash,/matty-cash/profil/spieler/425334
2526,Suspended,2025-08-14,2025-08-16,3.0,1.0,suspension,Romain Faivre,/romain-faivre/profil/spieler/555076
2526,Called up to national team,2025-12-15,2026-01-19,36.0,7.0,absence,Idrissa Gueye,/idrissa-gueye/profil/spieler/126665
2526,Red card suspension,2025-11-24,2025-12-07,14.0,3.0,suspension,Idrissa Gueye,/idrissa-gueye/profil/spieler/126665
2526,Indirect card suspension,2025-10-19,2025-10-26,8.0,1.0,suspension,Malo Gusto,/malo-gusto/profil/spieler/620322
2526,special leave,2026-01-19,2026-01-29,11.0,1.0,absence,Ibrahima Konaté,/ibrahima-konate/profil/spieler/357119
2526,Suspended,2025-08-17,2025-08-19,3.0,1.0,suspension,Illan Meslier,/illan-meslier/profil/spieler/542586
2526,Called up to national team,2025-12-15,2026-01-11,28.0,6.0,absence,Yves Bissouma,/yves-bissouma/profil/spieler/410425
2526,Indirect card suspension,2025-10-29,2025-11-02,5.0,1.0,suspension,Liam Delap,/liam-delap/profil/spieler/610849
2526,In training camp with first team,2025-08-14,2025-08-17,4.0,1.0,absence,Calvin Ramsay,/calvin-ramsay/profil/spieler/633652
2526,Red card suspension,2026-05-11,2026-08-24,106.0,3.0,suspension,Ryan Christie,/ryan-christie/profil/spieler/188077
2526,Indirect card suspension,2026-01-31,2026-02-02,3.0,1.0,suspension,Adam Wharton,/adam-wharton/profil/spieler/744149
2526,In training camp with first team,2025-08-15,2025-08-11,5.0,1.0,absence,Lewis Orford,/lewis-orford/profil/spieler/845809
2526,Yellow card suspension,2025-12-05,2025-12-07,3.0,1.0,suspension,Tyler Adams,/tyler-adams/profil/spieler/332705
2526,Yellow card suspension,2025-12-28,2025-12-31,4.0,1.0,suspension,Boubacar Kamara,/boubacar-kamara/profil/spieler/394327
2526,Red card suspension,2026-03-21,2026-04-14,25.0,1.0,suspension,Harry Maguire,/harry-maguire/profil/spieler/177907
2526,special leave,2026-04-15,2026-04-17,3.0,1.0,absence,Elliot Anderson,/elliot-anderson/profil/spieler/567576
2526,Called up to national team,2025-12-16,2026-01-11,27.0,6.0,absence,Carlos Baleba,/carlos-baleba/profil/spieler/973085
2526,Indirect card suspension,2025-08-15,2025-08-19,5.0,1.0,suspension,Jaka Bijol,/jaka-bijol/profil/spieler/371851
2526,Red card suspension,2025-09-14,2025-10-05,22.0,3.0,suspension,Tomáš Souček,/tomas-soucek/profil/spieler/283628
2526,Yellow card suspension,2025-11-09,2025-11-23,15.0,1.0,suspension,Saša Lukić,/sasa-lukic/profil/spieler/245056
2526,Called up to national team,2025-12-15,2026-01-12,29.0,7.0,absence,Amad Diallo,/amad-diallo/profil/spieler/536835
2526,special leave,2025-09-24,2025-09-29,6.0,1.0,absence,Amad Diallo,/amad-diallo/profil/spieler/536835
2526,In training camp with first team,2025-08-15,2025-08-17,3.0,1.0,absence,Harrison Ashby,/harrison-ashby/profil/spieler/559130
2526,Red card suspension,2025-12-20,2026-01-05,17.0,3.0,suspension,Xavi Simons,/xavi-simons/profil/spieler/566931
2526,Called up to national team,2025-12-15,2026-01-19,36.0,7.0,absence,Chemsdine Talbi,/chemsdine-talbi/profil/spieler/743384
2526,Called up to national team,2025-12-15,2026-01-19,36.0,7.0,absence,Pape Matar Sarr,/pape-matar-sarr/profil/spieler/568693
2526,visa issues,2025-08-14,2025-08-16,3.0,1.0,absence,Matai Akinmboni,/matai-akinmboni/profil/spieler/994604
2526,Called up to national team,2025-12-15,2026-01-08,25.0,5.0,absence,Axel Tuanzebe,/axel-tuanzebe/profil/spieler/342046
2526,Called up to national team,2025-12-15,2026-01-05,22.0,4.0,absence,Hannibal,/hannibal/profil/spieler/607224
2526,Suspension through sports court,2025-12-05,2025-12-30,26.0,4.0,suspension,Hannibal,/hannibal/profil/spieler/607224
2526,Yellow card suspension,2025-12-01,2025-12-03,3.0,1.0,suspension,David Brooks,/david-brooks/profil/spieler/277033
2526,Indirect card suspension,2025-09-19,2025-09-21,3.0,1.0,suspension,Lesley Ugochukwu,/lesley-ugochukwu/profil/spieler/711999
2526,No eligibility,2026-03-14,2026-03-16,3.0,1.0,absence,Jadon Sancho,/jadon-sancho/profil/spieler/401173
2526,No eligibility,2025-12-20,2025-12-22,3.0,1.0,absence,Jadon Sancho,/jadon-sancho/profil/spieler/401173
2526,Red card suspension,2025-12-01,2025-12-16,16.0,3.0,suspension,Lewis Cook,/lewis-cook/profil/spieler/249089
2526,Red card suspension,2026-03-06,2026-03-16,11.0,1.0,suspension,Micky van de Ven,/micky-van-de-ven/profil/spieler/557459
2526,Called up to national team,2025-12-15,2026-01-19,36.0,7.0,absence,Mohamed Salah,/mohamed-salah/profil/spieler/148455
2526,Red card suspension,2026-02-15,2026-02-22,8.0,1.0,suspension,Marco Bizot,/marco-bizot/profil/spieler/124884
2526,No eligibility,2025-09-26,2025-09-28,3.0,1.0,absence,Facundo Buonanotte,/facundo-buonanotte/profil/spieler/983989
2526,visa issues,2025-08-15,2025-08-17,3.0,1.0,absence,Facundo Buonanotte,/facundo-buonanotte/profil/spieler/983989
2526,Red card suspension,2026-05-02,2026-05-10,9.0,1.0,suspension,Dan Ballard,/dan-ballard/profil/spieler/503686
2526,Indirect card suspension,2026-01-09,2026-01-11,3.0,1.0,suspension,Jack Grealish,/jack-grealish/profil/spieler/203460
2526,Indirect card suspension,2026-01-08,2026-01-11,4.0,1.0,suspension,Jack Grealish,/jack-grealish/profil/spieler/203460
2526,No eligibility,2025-10-17,2025-10-19,3.0,1.0,absence,Jack Grealish,/jack-grealish/profil/spieler/203460
2526,Called up to national team,2025-12-15,2026-01-01,18.0,3.0,absence,Tawanda Chirewa,/tawanda-chirewa/profil/spieler/724783
2526,Yellow card suspension,2025-12-07,2025-12-14,8.0,1.0,suspension,Riccardo Calafiori,/riccardo-calafiori/profil/spieler/502821
