timestamp,season,gameweek,team,position,player_id,opta_code,player,price,selected,transfers_in,transfers_out,transfers_balance,news,chance_of_playing_next_round,return_gameweek
2026-08-07T09:29:19.014495,2627,1,ARS,GK,1,p154561,David Raya Martín,60,989204,0,0,0,,,
2026-08-07T09:29:19.014495,2627,1,ARS,GK,2,p109745,Kepa Arrizabalaga Revuelta,50,3201,0,0,0,,,
2026-08-07T09:29:19.014495,2627,1,ARS,GK,3,p437495,Illan Meslier,50,3201,0,0,0,,,
2026-08-07T09:29:19.014495,2627,1,ARS,DEF,4,p226597,Gabriel dos Santos Magalhães,80,838742,0,0,0,,,
2026-08-07T09:29:19.014495,2627,1,ARS,DEF,5,p445122,Jurriën Timber,65,16006,0,0,0,Groin injury - Expected back 21 Aug,0,1
2026-08-07T09:29:19.014495,2627,1,ARS,DEF,6,p462424,William Saliba,60,16006,0,0,0,Back injury - Unknown return date,0,
2026-08-07T09:29:19.014495,2627,1,ARS,MID,7,p499169,Myles Lewis-Skelly,55,9603,0,0,0,,,
2026-08-07T09:29:19.014495,2627,1,ARS,DEF,8,p466075,Riccardo Calafiori,55,518611,0,0,0,,,
2026-08-07T09:29:19.014495,2627,1,ARS,DEF,9,p448104,Piero Hincapié,55,137656,0,0,0,,,
2026-08-07T09:29:19.014495,2627,1,ARS,DEF,10,p198869,Benjamin White,55,12805,0,0,0,,100,
2026-08-07T09:29:19.014495,2627,1,ARS,DEF,11,p500040,Cristhian Mosquera,55,525014,0,0,0,,,
2026-08-07T09:29:19.014495,2627,1,ARS,MID,12,p223340,Bukayo Saka,95,339338,0,0,0,,,
2026-08-07T09:29:19.014495,2627,1,ARS,MID,13,p204480,Declan Rice,75,717092,0,0,0,,,
2026-08-07T09:29:19.014495,2627,1,ARS,MID,14,p232413,Eberechi Eze,65,105643,0,0,0,,,
2026-08-07T09:29:19.014495,2627,1,ARS,MID,15,p184029,Martin Ødegaard,65,96039,0,0,0,,,
2026-08-07T09:29:19.014495,2627,1,ARS,MID,16,p248857,Noni Madueke,65,12805,0,0,0,,,
2026-08-07T09:29:19.014495,2627,1,ARS,MID,17,p195384,Mikel Merino Zazón,60,38415,0,0,0,,,
2026-08-07T09:29:19.014495,2627,1,ARS,MID,18,p444145,Gabriel Martinelli Silva,65,9603,0,0,0,,,
2026-08-07T09:29:19.014495,2627,1,ARS,MID,19,p481655,Martín Zubimendi Ibáñez,55,48019,0,0,0,,,
2026-08-07T09:29:19.014495,2627,1,ARS,MID,20,p616077,Max Dowman,55,6402,0,0,0,,,
2026-08-07T09:29:19.014495,2627,1,ARS,MID,21,p128295,Christian Nørgaard,50,12805,0,0,0,,,
2026-08-07T09:29:19.014495,2627,1,ARS,MID,22,p499175,Ethan Nwaneri,55,0,0,0,0,,,
2026-08-07T09:29:19.014495,2627,1,ARS,MID,23,p438098,Fábio Ferreira Vieira,55,0,0,0,0,,,
2026-08-07T09:29:19.014495,2627,1,ARS,MID,24,p200641,Reiss Nelson,55,0,0,0,0,,,
2026-08-07T09:29:19.014495,2627,1,ARS,FWD,25,p224117,Viktor Gyökeres,75,419371,0,0,0,,,
2026-08-07T09:29:19.014495,2627,1,ARS,FWD,26,p219847,Kai Havertz,75,128052,0,0,0,,,
2026-08-07T09:29:19.014495,2627,1,ARS,FWD,27,p205651,Gabriel Fernando de Jesus,60,12805,0,0,0,,,
2026-08-07T09:29:19.014495,2627,1,ARS,MID,557,p439509,Christos Tzolis,65,70428,0,0,0,,,
2026-08-07T09:29:19.014495,2627,1,AVL,GK,28,p98980,Emiliano Martínez Romero,50,150461,0,0,0,,,
2026-08-07T09:29:19.014495,2627,1,AVL,GK,29,p72147,Marco Bizot,45,3201,0,0,0,,,
2026-08-07T09:29:19.014495,2627,1,AVL,DEF,30,p101188,Lucas Digne,45,44818,0,0,0,,,
2026-08-07T09:29:19.014495,2627,1,AVL,DEF,31,p199798,Ezri Konsa Ngoyo,45,541021,0,0,0,,,
2026-08-07T09:29:19.014495,2627,1,AVL,DEF,32,p199796,Matty Cash,45,249702,0,0,0,,,
2026-08-07T09:29:19.014495,2627,1,AVL,DEF,33,p149484,Tyrone Mings,45,6402,0,0,0,,,
2026-08-07T09:29:19.014495,2627,1,AVL,DEF,34,p244954,Pau Torres,45,6402,0,0,0,,,
2026-08-07T09:29:19.014495,2627,1,AVL,MID,35,p515597,Lamare Bogarde,50,3201,0,0,0,,,
2026-08-07T09:29:19.014495,2627,1,AVL,DEF,36,p441302,Ian Maatsen,45,19207,0,0,0,,,
2026-08-07T09:29:19.014495,2627,1,AVL,DEF,37,p184667,Victor Lindelöf,45,6402,0,0,0,,,
2026-08-07T09:29:19.014495,2627,1,AVL,DEF,38,p606798,Andrés García,40,51220,0,0,0,,,
2026-08-07T09:29:19.014495,2627,1,AVL,DEF,39,p578545,Kosta Nedeljkovic,40,16006,0,0,0,,,
2026-08-07T09:29:19.014495,2627,1,AVL,MID,41,p195546,Emiliano Buendía Stati,60,28811,0,0,0,,,
2026-08-07T09:29:19.014495,2627,1,AVL,MID,42,p485337,Evann Guessand,55,0,0,0,0,,,
2026-08-07T09:29:19.014495,2627,1,AVL,MID,44,p215711,Leon Bailey,55,3201,0,0,0,,,
2026-08-07T09:29:19.014495,2627,1,AVL,MID,45,p122806,John McGinn,55,86435,0,0,0,,,
2026-08-07T09:29:19.014495,2627,1,AVL,MID,46,p88894,Ross Barkley,50,6402,0,0,0,,,
2026-08-07T09:29:19.014495,2627,1,AVL,MID,47,p226944,Boubacar Kamara,50,3201,0,0,0,,100,
2026-08-07T09:29:19.014495,2627,1,AVL,MID,48,p449871,Amadou Onana,50,0,0,0,0,Knee injury - Unknown return date,0,
2026-08-07T09:29:19.014495,2627,1,AVL,MID,49,p469247,Samuel Iling-Junior,50,0,0,0,0,,,
2026-08-07T09:29:19.014495,2627,1,AVL,MID,50,p645618,Bradley Burrowes,45,28811,0,0,0,,,
2026-08-07T09:29:19.014495,2627,1,AVL,MID,51,p577285,George Hemmings,45,9603,0,0,0,,,
2026-08-07T09:29:19.014495,2627,1,AVL,MID,52,p653481,Alysson Edward Franco da Rocha dos Santos,50,0,0,0,0,,,
2026-08-07T09:29:19.014495,2627,1,AVL,MID,53,p614071,Johan Manzambi,60,73630,0,0,0,,,
2026-08-07T09:29:19.014495,2627,1,AVL,MID,54,p448089,Joao Gomes,55,9603,0,0,0,,,
2026-08-07T09:29:19.014495,2627,1,AVL,FWD,55,p178301,Ollie Watkins,80,403364,0,0,0,,,
2026-08-07T09:29:19.014495,2627,1,AVL,FWD,56,p173879,Tammy Abraham,55,0,0,0,0,Shoulder injury - Expected back 23 Aug,0,1
2026-08-07T09:29:19.014495,2627,1,AVL,MID,160,p493105,Alejandro Garnacho Ferreyra,60,32013,0,0,0,,,
2026-08-07T09:29:19.014495,2627,1,BOU,GK,57,p457569,Đorđe Petrović,45,118448,0,0,0,,,
2026-08-07T09:29:19.014495,2627,1,BOU,GK,58,p40383,Fraser Forster,40,99240,0,0,0,,,
2026-08-07T09:29:19.014495,2627,1,BOU,GK,59,p444172,Will Dennis,40,6402,0,0,0,,,
2026-08-07T09:29:19.014495,2627,1,BOU,DEF,60,p463981,James Hill,55,41617,0,0,0,,,
2026-08-07T09:29:19.014495,2627,1,BOU,DEF,61,p494521,Adrien Truffert,55,150461,0,0,0,,,
2026-08-07T09:29:19.014495,2627,1,BOU,DEF,62,p242882,Bafodé Diakité,50,6402,0,0,0,,,
2026-08-07T09:29:19.014495,2627,1,BOU,DEF,63,p620487,Veljko Milosavljevic,50,3201,0,0,0,Unspecified injury - Unknown return date,0,
2026-08-07T09:29:19.014495,2627,1,BOU,DEF,64,p54469,Adam Smith,45,3201,0,0,0,,,
2026-08-07T09:29:19.014495,2627,1,BOU,DEF,65,p436893,Julián Araujo Zúñiga,45,3201,0,0,0,,,
2026-08-07T09:29:19.014495,2627,1,BOU,DEF,66,p575901,Julio Soler Barreto,40,19207,0,0,0,,,
2026-08-07T09:29:19.014495,2627,1,BOU,MID,67,p499604,Rayan Vitor Simplício Rocha,65,112045,0,0,0,,,
2026-08-07T09:29:19.014495,2627,1,BOU,MID,68,p201658,Marcus Tavernier,60,60824,0,0,0,,,
2026-08-07T09:29:19.014495,2627,1,BOU,MID,69,p503139,Alex Scott,60,51220,0,0,0,,,
2026-08-07T09:29:19.014495,2627,1,BOU,MID,70,p222683,Justin Kluivert,60,35214,0,0,0,,,
2026-08-07T09:29:19.014495,2627,1,BOU,MID,71,p155408,Lewis Cook,50,3201,0,0,0,,,
2026-08-07T09:29:19.014495,2627,1,BOU,MID,72,p496208,Ben Gannon-Doak,50,3201,0,0,0,,,
2026-08-07T09:29:19.014495,2627,1,BOU,MID,73,p200785,Tyler Adams,50,22409,0,0,0,,,
2026-08-07T09:29:19.014495,2627,1,BOU,MID,74,p111317,David Brooks,50,6402,0,0,0,,,
2026-08-07T09:29:19.014495,2627,1,BOU,MID,75,p158499,Ryan Christie,50,0,0,0,0,Suspended until 29 Aug,0,2
2026-08-07T09:29:19.014495,2627,1,BOU,MID,76,p614574,Alex Tóth,50,0,0,0,0,,,
2026-08-07T09:29:19.014495,2627,1,BOU,MID,77,p489888,Amine Adli,50,6402,0,0,0,,,
2026-08-07T09:29:19.014495,2627,1,BOU,MID,78,p560262,Junior Kroupi,75,153662,0,0,0,Foot injury - Unknown return date,0,
2026-08-07T09:29:19.014495,2627,1,BOU,FWD,79,p444102,Francisco Evanilson de Lima Barbosa,60,64026,0,0,0,,,
2026-08-07T09:29:19.014495,2627,1,BOU,FWD,80,p168636,Enes Ünal,55,6402,0,0,0,,,
2026-08-07T09:29:19.014495,2627,1,BOU,FWD,81,p561245,Álvaro Rodríguez,60,9603,0,0,0,,,
2026-08-07T09:29:19.014495,2627,1,BOU,DEF,566,p483067,António João Pereira de Albuquerque Tavares da Silva,50,3201,0,0,0,,,
2026-08-07T09:29:19.014495,2627,1,BRE,GK,82,p200720,Caoimhín Kelleher,50,179273,0,0,0,,,
2026-08-07T09:29:19.014495,2627,1,BRE,GK,83,p507433,Hákon Rafn Valdimarsson,45,3201,0,0,0,,,
2026-08-07T09:29:19.014495,2627,1,BRE,DEF,84,p432830,Nathan Collins,55,64026,0,0,0,,,
2026-08-07T09:29:19.014495,2627,1,BRE,DEF,85,p444765,Sepp van den Berg,50,22409,0,0,0,,,
2026-08-07T09:29:19.014495,2627,1,BRE,MID,86,p249231,Keane Lewis-Potter,55,16006,0,0,0,,,
2026-08-07T09:29:19.014495,2627,1,BRE,DEF,87,p191866,Kristoffer Ajer,45,48019,0,0,0,,,
2026-08-07T09:29:19.014495,2627,1,BRE,DEF,88,p607464,Michael Kayode,45,128052,0,0,0,,,
2026-08-07T09:29:19.014495,2627,1,BRE,DEF,89,p194010,Rico Henry,45,6402,0,0,0,,,
2026-08-07T09:29:19.014495,2627,1,BRE,DEF,90,p472713,Aaron Hickey,45,3201,0,0,0,,,
2026-08-07T09:29:19.014495,2627,1,BRE,DEF,91,p231065,Ethan Pinnock,45,3201,0,0,0,,,
2026-08-07T09:29:19.014495,2627,1,BRE,DEF,92,p570241,Kim Ji-soo,45,0,0,0,0,,,
2026-08-07T09:29:19.014495,2627,1,BRE,DEF,93,p513086,Jannik Schuster,45,3201,0,0,0,,,
2026-08-07T09:29:19.014495,2627,1,BRE,MID,94,p513418,Kevin Schade,60,70428,0,0,0,,,
2026-08-07T09:29:19.014495,2627,1,BRE,MID,95,p533463,Dango Ouattara,65,44818,0,0,0,,,
2026-08-07T09:29:19.014495,2627,1,BRE,MID,96,p440089,Mikkel Damsgaard,55,22409,0,0,0,,,
2026-08-07T09:29:19.014495,2627,1,BRE,MID,97,p207283,Mathias Jensen,55,3201,0,0,0,,,
2026-08-07T09:29:19.014495,2627,1,BRE,MID,98,p204580,Vitaly Janelt,50,3201,0,0,0,,,
2026-08-07T09:29:19.014495,2627,1,BRE,MID,99,p543295,Antoni Milambo,50,0,0,0,0,Knee injury - 75% chance of playing,75,
2026-08-07T09:29:19.014495,2627,1,BRE,MID,100,p244858,Fábio Freitas Gouveia Carvalho,50,0,0,0,0,Lack of match fitness - 25% chance of playing,25,
2026-08-07T09:29:19.014495,2627,1,BRE,MID,102,p508395,Yehor Yarmoliuk,50,48019,0,0,0,,,
2026-08-07T09:29:19.014495,2627,1,BRE,MID,103,p183656,Josh Dasilva,50,0,0,0,0,,,
2026-08-07T09:29:19.014495,2627,1,BRE,MID,105,p444180,Jaidon Anthony,60,6402,0,0,0,,,
2026-08-07T09:29:19.014495,2627,1,BRE,FWD,106,p502500,Igor Thiago Nascimento Rodrigues,80,512209,0,0,0,,,
2026-08-07T09:29:19.014495,2627,1,BRE,FWD,107,p593174,Kaye Furo,45,28811,0,0,0,,,
2026-08-07T09:29:19.014495,2627,1,BRE,FWD,108,p75115,Callum Wilson,55,12805,0,0,0,,,
2026-08-07T09:29:19.014495,2627,1,BRE,MID,565,p513545,Mamadou Sangaré,55,35214,0,0,0,,,
2026-08-07T09:29:19.014495,2627,1,BHA,GK,109,p489639,Bart Verbruggen,45,537819,0,0,0,,,
2026-08-07T09:29:19.014495,2627,1,BHA,GK,111,p49262,Jason Steele,40,147260,0,0,0,,,
2026-08-07T09:29:19.014495,2627,1,BHA,DEF,113,p231416,Ferdi Kadıoğlu,45,92837,0,0,0,,,
2026-08-07T09:29:19.014495,2627,1,BHA,DEF,114,p204120,Olivier Boscagli,45,3201,0,0,0,,,
2026-08-07T09:29:19.014495,2627,1,BHA,DEF,115,p465730,Maxim De Cuyper,45,44818,0,0,0,,,
2026-08-07T09:29:19.014495,2627,1,BHA,DEF,116,p83299,Lewis Dunk,45,22409,0,0,0,,,
2026-08-07T09:29:19.014495,2627,1,BHA,DEF,117,p550090,Diego Coppola,45,0,0,0,0,,,
2026-08-07T09:29:19.014495,2627,1,BHA,DEF,118,p223434,Igor Julio dos Santos de Paulo,45,3201,0,0,0,,,
2026-08-07T09:29:19.014495,2627,1,BHA,DEF,119,p451490,João Pedro Loureiro da Costa,45,0,0,0,0,,,
2026-08-07T09:29:19.014495,2627,1,BHA,DEF,120,p454490,Michael Svoboda,50,3201,0,0,0,,,
2026-08-07T09:29:19.014495,2627,1,BHA,MID,121,p451340,Mitoma Kaoru,60,6402,0,0,0,Hamstring injury - Unknown return date,0,
2026-08-07T09:29:19.014495,2627,1,BHA,MID,122,p592031,Yankuba Minteh,60,22409,0,0,0,,,
2026-08-07T09:29:19.014495,2627,1,BHA,MID,123,p532529,Jack Hinshelwood,60,9603,0,0,0,,,
2026-08-07T09:29:19.014495,2627,1,BHA,MID,124,p60307,Pascal Groß,55,275312,0,0,0,,,
2026-08-07T09:29:19.014495,2627,1,BHA,FWD,125,p463067,Georginio Rutter,55,22409,0,0,0,,,
2026-08-07T09:29:19.014495,2627,1,BHA,MID,126,p219249,Matt O'Riley,55,3201,0,0,0,,,
2026-08-07T09:29:19.014495,2627,1,BHA,MID,127,p514254,Diego Gómez Amarilla,50,57623,0,0,0,,,
2026-08-07T09:29:19.014495,2627,1,BHA,MID,128,p536916,Facundo Buonanotte,50,3201,0,0,0,,,
2026-08-07T09:29:19.014495,2627,1,BHA,MID,129,p509416,Yasin Ayari,55,16006,0,0,0,,,
2026-08-07T09:29:19.014495,2627,1,BHA,DEF,130,p467779,Mats Wieffer,50,9603,0,0,0,,,
2026-08-07T09:29:19.014495,2627,1,BHA,MID,131,p535301,Carlos Baleba,50,19207,0,0,0,Ankle injury - Expected back 23 Aug,0,1
2026-08-07T09:29:19.014495,2627,1,BHA,MID,132,p597320,Harry Howell,45,9603,0,0,0,,,
2026-08-07T09:29:19.014495,2627,1,BHA,MID,133,p549074,Tom Watson,50,0,0,0,0,Has joined Leicester City on loan for the rest of the season,0,
2026-08-07T09:29:19.014495,2627,1,BHA,MID,134,p556637,Nehemiah Oriola,45,6402,0,0,0,,,
2026-08-07T09:29:19.014495,2627,1,BHA,MID,135,p700308,Zadok Yohanna,50,3201,0,0,0,,,
2026-08-07T09:29:19.014495,2627,1,BHA,FWD,137,p608181,Stefanos Tzimas,55,0,0,0,0,Knee injury - 75% chance of playing,75,
2026-08-07T09:29:19.014495,2627,1,BHA,FWD,138,p647850,Charalampos Kostoulas,55,9603,0,0,0,,,
2026-08-07T09:29:19.014495,2627,1,BHA,FWD,139,p487117,Evan Ferguson,50,0,0,0,0,Ankle injury - Expected back 10 Oct,0,6
2026-08-07T09:29:19.014495,2627,1,BHA,DEF,328,p222694,Pascal Struijk,50,16006,0,0,0,,,
2026-08-07T09:29:19.014495,2627,1,BHA,DEF,504,p610799,Luka Vušković,50,92837,0,0,0,,,
2026-08-07T09:29:19.014495,2627,1,CHE,MID,40,p244850,Morgan Rogers,75,953989,0,0,0,,,
2026-08-07T09:29:19.014495,2627,1,CHE,MID,101,p56979,Jordan Henderson,50,0,0,0,0,has departed the club as a free agent.,0,
2026-08-07T09:29:19.014495,2627,1,CHE,FWD,136,p50175,Danny Welbeck,60,86435,0,0,0,,,
2026-08-07T09:29:19.014495,2627,1,CHE,GK,140,p215059,Robert Lynch Sánchez,50,60824,0,0,0,,,
2026-08-07T09:29:19.014495,2627,1,CHE,GK,141,p508479,Filip Jörgensen,50,3201,0,0,0,,,
2026-08-07T09:29:19.014495,2627,1,CHE,DEF,142,p225796,Reece James,55,256104,0,0,0,,,
2026-08-07T09:29:19.014495,2627,1,CHE,DEF,143,p180736,Trevoh Chalobah,55,64026,0,0,0,,,
2026-08-07T09:29:19.014495,2627,1,CHE,DEF,144,p482609,Malo Gusto,50,35214,0,0,0,,,
2026-08-07T09:29:19.014495,2627,1,CHE,DEF,145,p444463,Wesley Fofana,50,0,0,0,0,Suspended until 6 Sep,0,3
2026-08-07T09:29:19.014495,2627,1,CHE,DEF,146,p242880,Benoît Badiashile Mukinayi,45,0,0,0,0,,,
2026-08-07T09:29:19.014495,2627,1,CHE,DEF,147,p109646,Tosin Adarabioyo,45,3201,0,0,0,,,
2026-08-07T09:29:19.014495,2627,1,CHE,DEF,148,p551210,Jorrel Hato,45,35214,0,0,0,,,
2026-08-07T09:29:19.014495,2627,1,CHE,DEF,149,p460028,Levi Samuels Colwill,50,57623,0,0,0,,,
2026-08-07T09:29:19.014495,2627,1,CHE,DEF,150,p574458,Mamadou Sarr,45,3201,0,0,0,,,
2026-08-07T09:29:19.014495,2627,1,CHE,DEF,151,p577016,Josh Acheampong,45,6402,0,0,0,,,
2026-08-07T09:29:19.014495,2627,1,CHE,DEF,152,p620109,Marco Palestra,55,48019,0,0,0,,,
2026-08-07T09:29:19.014495,2627,1,CHE,DEF,153,p220362,Axel Disasi,45,3201,0,0,0,,,
2026-08-07T09:29:19.014495,2627,1,CHE,MID,154,p244851,Cole Palmer,95,387358,0,0,0,,,
2026-08-07T09:29:19.014495,2627,1,CHE,MID,155,p448047,Enzo Fernández,70,176071,0,0,0,,,
2026-08-07T09:29:19.014495,2627,1,CHE,MID,156,p247632,Pedro Lomba Neto,65,41617,0,0,0,,,
2026-08-07T09:29:19.014495,2627,1,CHE,MID,157,p624773,Estêvão Almeida de Oliveira Gonçalves,65,57623,0,0,0,,,
2026-08-07T09:29:19.014495,2627,1,CHE,MID,158,p463936,Jamie Bynoe-Gittens,60,3201,0,0,0,,,
2026-08-07T09:29:19.014495,2627,1,CHE,MID,159,p486672,Moisés Caicedo Corozo,55,118448,0,0,0,,,
2026-08-07T09:29:19.014495,2627,1,CHE,MID,161,p514356,Roméo Lavia,50,0,0,0,0,,,
2026-08-07T09:29:19.014495,2627,1,CHE,MID,163,p491007,Dário Luís Essugo,45,6402,0,0,0,,,
2026-08-07T09:29:19.014495,2627,1,CHE,MID,164,p593117,Geovany Quenda,55,3201,0,0,0,,100,
2026-08-07T09:29:19.014495,2627,1,CHE,FWD,165,p475168,João Pedro Junqueira de Jesus,75,1735108,0,0,0,,,
2026-08-07T09:29:19.014495,2627,1,CHE,FWD,166,p517052,Nicolas Jackson,65,12805,0,0,0,,,
2026-08-07T09:29:19.014495,2627,1,CHE,FWD,167,p463034,Liam Delap,55,16006,0,0,0,,,
2026-08-07T09:29:19.014495,2627,1,CHE,FWD,168,p499309,Marc Guiu Paz,50,12805,0,0,0,,,
2026-08-07T09:29:19.014495,2627,1,CHE,FWD,169,p567119,Shumaira Mheuka,45,12805,0,0,0,,,
2026-08-07T09:29:19.014495,2627,1,CHE,FWD,170,p503037,Emmanuel Emegha,50,6402,0,0,0,Hamstring injury - 75% chance of playing,75,
2026-08-07T09:29:19.014495,2627,1,CHE,DEF,200,p437499,Maxence Lacroix,60,380955,0,0,0,,,
2026-08-07T09:29:19.014495,2627,1,CHE,GK,560,p549939,Mike Penders,45,3201,0,0,0,,,
2026-08-07T09:29:19.014495,2627,1,CHE,DEF,561,p622758,Aaron Anselmino,45,0,0,0,0,,,
2026-08-07T09:29:19.014495,2627,1,CHE,MID,568,p543158,Valentín Barco,55,0,0,0,0,,,
2026-08-07T09:29:19.014495,2627,1,COV,MID,104,p428580,Frank Onyeka,50,6402,0,0,0,,,
2026-08-07T09:29:19.014495,2627,1,COV,GK,110,p472739,Carl Rushworth,45,25610,0,0,0,,,
2026-08-07T09:29:19.014495,2627,1,COV,GK,171,p484389,Oliver Dovin,40,86435,0,0,0,,,
2026-08-07T09:29:19.014495,2627,1,COV,GK,172,p110690,Ben Wilson,45,19207,0,0,0,,,
2026-08-07T09:29:19.014495,2627,1,COV,DEF,173,p461102,Bobby Thomas,40,284916,0,0,0,,,
2026-08-07T09:29:19.014495,2627,1,COV,DEF,174,p436761,Liam Kitching,40,12805,0,0,0,,,
2026-08-07T09:29:19.014495,2627,1,COV,DEF,175,p451284,Milan van Ewijk,40,521813,0,0,0,,,
2026-08-07T09:29:19.014495,2627,1,COV,DEF,176,p173878,Jay Dasilva,40,16006,0,0,0,,,
2026-08-07T09:29:19.014495,2627,1,COV,DEF,177,p465390,Kaine Kesler-Hayden,40,3201,0,0,0,,,
2026-08-07T09:29:19.014495,2627,1,COV,DEF,178,p80178,Jake Bidwell,40,3201,0,0,0,,,
2026-08-07T09:29:19.014495,2627,1,COV,DEF,179,p204813,Joel Latibeaudiere,40,3201,0,0,0,,,
2026-08-07T09:29:19.014495,2627,1,COV,DEF,180,p220583,Luke Woolfenden,40,9603,0,0,0,,,
2026-08-07T09:29:19.014495,2627,1,COV,DEF,181,p577411,Miguel Brau,40,3201,0,0,0,,,
2026-08-07T09:29:19.014495,2627,1,COV,DEF,182,p539142,Aurèle Amenda,40,16006,0,0,0,,,
2026-08-07T09:29:19.014495,2627,1,COV,MID,183,p480457,Jack Rudoni,50,9603,0,0,0,Shoulder injury - 75% chance of playing,75,
2026-08-07T09:29:19.014495,2627,1,COV,MID,184,p168144,Matt Grimes,50,6402,0,0,0,,,
2026-08-07T09:29:19.014495,2627,1,COV,MID,185,p501459,Tatsuhiro Sakamoto,50,3201,0,0,0,,,
2026-08-07T09:29:19.014495,2627,1,COV,MID,186,p241293,Ephron Mason-Clark,55,9603,0,0,0,,,
2026-08-07T09:29:19.014495,2627,1,COV,MID,187,p439668,Josh Eccles,50,0,0,0,0,,,
2026-08-07T09:29:19.014495,2627,1,COV,MID,188,p226965,Victor Torp,55,6402,0,0,0,,,
2026-08-07T09:29:19.014495,2627,1,COV,MID,189,p684268,George Shepherd,45,9603,0,0,0,,,
2026-08-07T09:29:19.014495,2627,1,COV,MID,190,p469272,Loum Tchaouna,55,3201,0,0,0,,,
2026-08-07T09:29:19.014495,2627,1,COV,MID,191,p492498,Raphael Borges Rodrigues,45,6402,0,0,0,,,
2026-08-07T09:29:19.014495,2627,1,COV,MID,192,p629397,Kaine Andrews,45,22409,0,0,0,,,
2026-08-07T09:29:19.014495,2627,1,COV,FWD,193,p176412,Haji Wright,55,57623,0,0,0,,,
2026-08-07T09:29:19.014495,2627,1,COV,FWD,194,p230730,Brandon Thomas-Asante,50,28811,0,0,0,,,
2026-08-07T09:29:19.014495,2627,1,COV,FWD,195,p218997,Ellis Simms,50,19207,0,0,0,,,
2026-08-07T09:29:19.014495,2627,1,COV,FWD,196,p551262,Jahnoah Markelo,50,3201,0,0,0,,,
2026-08-07T09:29:19.014495,2627,1,COV,FWD,197,p549653,Norman Bassette,45,16006,0,0,0,Has joined KVC Westerlo on loan for the rest of the season,0,
2026-08-07T09:29:19.014495,2627,1,CRY,GK,198,p172649,Dean Henderson,50,99240,0,0,0,,,
2026-08-07T09:29:19.014495,2627,1,CRY,GK,199,p121709,Walter Benítez,45,3201,0,0,0,,,
2026-08-07T09:29:19.014495,2627,1,CRY,DEF,201,p247348,Daniel Muñoz Mejía,55,374553,0,0,0,,,
2026-08-07T09:29:19.014495,2627,1,CRY,DEF,202,p427623,Chris Richards,50,25610,0,0,0,,,
2026-08-07T09:29:19.014495,2627,1,CRY,DEF,203,p651426,Jaydee Canvot,50,19207,0,0,0,,,
2026-08-07T09:29:19.014495,2627,1,CRY,DEF,204,p244723,Tyrick Mitchell,45,220890,0,0,0,,,
2026-08-07T09:29:19.014495,2627,1,CRY,DEF,205,p218364,Borna Sosa,45,0,0,0,0,,,
2026-08-07T09:29:19.014495,2627,1,CRY,DEF,206,p515621,Chadi Riad Dnanou,45,3201,0,0,0,,,
2026-08-07T09:29:19.014495,2627,1,CRY,DEF,207,p242313,Oscar Mingueza,45,3201,0,0,0,,,
2026-08-07T09:29:19.014495,2627,1,CRY,MID,208,p232185,Ismaïla Sarr,65,294520,0,0,0,,,
2026-08-07T09:29:19.014495,2627,1,CRY,MID,209,p242898,Brennan Johnson,60,6402,0,0,0,,,
2026-08-07T09:29:19.014495,2627,1,CRY,MID,210,p496221,Adam Wharton,55,6402,0,0,0,Ankle injury - 75% chance of playing,75,
2026-08-07T09:29:19.014495,2627,1,CRY,MID,211,p488024,Yéremy Pino Santos,55,6402,0,0,0,,,
2026-08-07T09:29:19.014495,2627,1,CRY,MID,212,p108413,Will Hughes,45,355345,0,0,0,,,
2026-08-07T09:29:19.014495,2627,1,CRY,MID,213,p152551,Jefferson Lerma Solís,50,3201,0,0,0,,,
2026-08-07T09:29:19.014495,2627,1,CRY,MID,214,p209400,Daichi Kamada,50,9603,0,0,0,,,
2026-08-07T09:29:19.014495,2627,1,CRY,MID,215,p489706,Justin Devenny,50,0,0,0,0,,,
2026-08-07T09:29:19.014495,2627,1,CRY,MID,216,p606921,Romain Esse,50,3201,0,0,0,,,
2026-08-07T09:29:19.014495,2627,1,CRY,MID,217,p536694,Matheus França de Oliveira,50,0,0,0,0,,,
2026-08-07T09:29:19.014495,2627,1,CRY,MID,218,p438464,Cheick Doucouré,50,3201,0,0,0,,,
2026-08-07T09:29:19.014495,2627,1,CRY,MID,219,p450542,Jesurun Rak-Sakyi,50,0,0,0,0,,,
2026-08-07T09:29:19.014495,2627,1,CRY,DEF,220,p590014,Rio Cardines,45,0,0,0,0,,,
2026-08-07T09:29:19.014495,2627,1,CRY,MID,221,p672492,Joél Drakes-Thomas,45,3201,0,0,0,,,
2026-08-07T09:29:19.014495,2627,1,CRY,FWD,222,p247412,Jørgen Strand Larsen,60,19207,0,0,0,,,
2026-08-07T09:29:19.014495,2627,1,CRY,FWD,223,p231747,Jean-Philippe Mateta,65,220890,0,0,0,,,
2026-08-07T09:29:19.014495,2627,1,CRY,FWD,224,p205533,Eddie Nketiah,55,16006,0,0,0,,,
2026-08-07T09:29:19.014495,2627,1,CRY,FWD,225,p660392,Christantus Uche,50,0,0,0,0,has returned to Getafe CF,0,
2026-08-07T09:29:19.014495,2627,1,CRY,GK,555,p169593,Remi Matthews,40,54422,0,0,0,,,
2026-08-07T09:29:19.014495,2627,1,EVE,GK,226,p111234,Jordan Pickford,55,288117,0,0,0,,,
2026-08-07T09:29:19.014495,2627,1,EVE,GK,227,p229600,Mark Travers,50,3201,0,0,0,,,
2026-08-07T09:29:19.014495,2627,1,EVE,GK,228,p138001,Tom King,45,3201,0,0,0,,,
2026-08-07T09:29:19.014495,2627,1,EVE,DEF,229,p17761,James Tarkowski,60,316929,0,0,0,,,
2026-08-07T09:29:19.014495,2627,1,EVE,DEF,230,p480455,Jarrad Branthwaite,55,60824,0,0,0,,,
2026-08-07T09:29:19.014495,2627,1,EVE,DEF,231,p106611,Michael Keane,50,48019,0,0,0,,,
2026-08-07T09:29:19.014495,2627,1,EVE,DEF,232,p512462,Jake O'Brien,50,16006,0,0,0,,,
2026-08-07T09:29:19.014495,2627,1,EVE,DEF,233,p224967,Vitalii Mykolenko,45,41617,0,0,0,,,
2026-08-07T09:29:19.014495,2627,1,EVE,DEF,234,p243571,Nathan Patterson,45,0,0,0,0,,,
2026-08-07T09:29:19.014495,2627,1,EVE,DEF,235,p499300,Adam Aznou,40,6402,0,0,0,,,
2026-08-07T09:29:19.014495,2627,1,EVE,MID,236,p215413,Kiernan Dewsbury-Hall,65,124851,0,0,0,,,
2026-08-07T09:29:19.014495,2627,1,EVE,MID,237,p440993,Iliman Ndiaye,60,521813,0,0,0,,,
2026-08-07T09:29:19.014495,2627,1,EVE,MID,239,p232928,James Garner,60,22409,0,0,0,Groin injury - Expected back 22 Aug,0,1
2026-08-07T09:29:19.014495,2627,1,EVE,MID,240,p490094,Tim Iroegbunam,50,3201,0,0,0,,,
2026-08-07T09:29:19.014495,2627,1,EVE,MID,241,p433154,Dwight McNeil,55,3201,0,0,0,,,
2026-08-07T09:29:19.014495,2627,1,EVE,MID,242,p550615,Tyrique George,55,3201,0,0,0,,,
2026-08-07T09:29:19.014495,2627,1,EVE,MID,243,p502697,Carlos Alcaraz Durán,50,3201,0,0,0,,,
2026-08-07T09:29:19.014495,2627,1,EVE,MID,244,p609873,Harrison Armstrong,50,3201,0,0,0,,,
2026-08-07T09:29:19.014495,2627,1,EVE,MID,245,p496661,Tyler Dibling,55,3201,0,0,0,,,
2026-08-07T09:29:19.014495,2627,1,EVE,MID,246,p513466,Merlin Röhl,50,3201,0,0,0,,,
2026-08-07T09:29:19.014495,2627,1,EVE,MID,247,p244860,Hayden Hackney,55,9603,0,0,0,,,
2026-08-07T09:29:19.014495,2627,1,EVE,FWD,248,p486385,Norberto Bercique Gomes Betuncal,55,102441,0,0,0,,,
2026-08-07T09:29:19.014495,2627,1,EVE,FWD,249,p586309,Thierno Barry,55,28811,0,0,0,,,
2026-08-07T09:29:19.014495,2627,1,FUL,GK,250,p80201,Bernd Leno,45,102441,0,0,0,,,
2026-08-07T09:29:19.014495,2627,1,FUL,GK,251,p86873,Benjamin Lecomte,40,44818,0,0,0,,,
2026-08-07T09:29:19.014495,2627,1,FUL,GK,252,p505079,Alfie McNally,40,6402,0,0,0,,,
2026-08-07T09:29:19.014495,2627,1,FUL,DEF,253,p174874,Joachim Andersen,50,3201,0,0,0,Suspended until 30 Aug,0,2
2026-08-07T09:29:19.014495,2627,1,FUL,DEF,254,p169528,Antonee Robinson,45,86435,0,0,0,,,
2026-08-07T09:29:19.014495,2627,1,FUL,DEF,255,p246301,Jorge Cuenca Barreno,45,0,0,0,0,,,
2026-08-07T09:29:19.014495,2627,1,FUL,DEF,256,p167074,Kenny Tete,45,6402,0,0,0,,,
2026-08-07T09:29:19.014495,2627,1,FUL,DEF,257,p232892,Calvin Bassey,45,19207,0,0,0,,,
2026-08-07T09:29:19.014495,2627,1,FUL,DEF,258,p166477,Timothy Castagne,45,6402,0,0,0,,,
2026-08-07T09:29:19.014495,2627,1,FUL,MID,261,p153133,Alex Iwobi,55,28811,0,0,0,,,
2026-08-07T09:29:19.014495,2627,1,FUL,MID,262,p209289,Emile Smith Rowe,55,12805,0,0,0,,,
2026-08-07T09:29:19.014495,2627,1,FUL,MID,263,p560552,Kevin Santos Lopes de Macedo,55,3201,0,0,0,,,
2026-08-07T09:29:19.014495,2627,1,FUL,MID,264,p477555,Oscar Bobb,55,12805,0,0,0,,,
2026-08-07T09:29:19.014495,2627,1,FUL,MID,265,p207189,Sander Berge,50,12805,0,0,0,,,
2026-08-07T09:29:19.014495,2627,1,FUL,MID,266,p76357,Tom Cairney,50,0,0,0,0,,,
2026-08-07T09:29:19.014495,2627,1,FUL,MID,267,p212314,Saša Lukić,50,3201,0,0,0,,,
2026-08-07T09:29:19.014495,2627,1,FUL,MID,268,p577725,Josh King,55,3201,0,0,0,,,
2026-08-07T09:29:19.014495,2627,1,FUL,DEF,269,p184349,Ryan Sessegnon,45,12805,0,0,0,,,
2026-08-07T09:29:19.014495,2627,1,FUL,MID,270,p153366,Harrison Reed,45,35214,0,0,0,,,
2026-08-07T09:29:19.014495,2627,1,FUL,FWD,271,p244042,Rodrigo Muniz Carvalho,55,22409,0,0,0,,,
2026-08-07T09:29:19.014495,2627,1,FUL,FWD,272,p631786,Jonah Kusi-Asare,45,256104,0,0,0,,,
2026-08-07T09:29:19.014495,2627,1,FUL,FWD,569,p551466,Gonzalo García,60,35214,0,0,0,,,
2026-08-07T09:29:19.014495,2627,1,FUL,MID,570,p571779,César Palacios,55,0,0,0,0,,,
2026-08-07T09:29:19.014495,2627,1,HUL,GK,273,p167825,Dillon Phillips,40,67227,0,0,0,,,
2026-08-07T09:29:19.014495,2627,1,HUL,GK,274,p105666,Jack Butland,45,32013,0,0,0,,,
2026-08-07T09:29:19.014495,2627,1,HUL,GK,275,p494950,Harvey Cartwright,40,3201,0,0,0,Has joined Grimsby Town on loan for the rest of the season,0,
2026-08-07T09:29:19.014495,2627,1,HUL,GK,276,p444307,Thimothée Lo-Tutala,40,6402,0,0,0,,,
2026-08-07T09:29:19.014495,2627,1,HUL,DEF,277,p108416,John Egan,40,32013,0,0,0,,,
2026-08-07T09:29:19.014495,2627,1,HUL,DEF,278,p501902,Charlie Hughes,40,35214,0,0,0,Groin injury - Unknown return date,0,
2026-08-07T09:29:19.014495,2627,1,HUL,DEF,279,p146426,Semi Ajayi,40,19207,0,0,0,,,
2026-08-07T09:29:19.014495,2627,1,HUL,DEF,280,p193278,Lewie Coyle,40,12805,0,0,0,,,
2026-08-07T09:29:19.014495,2627,1,HUL,DEF,281,p433590,Cody Drameh,40,3201,0,0,0,,,
2026-08-07T09:29:19.014495,2627,1,HUL,DEF,282,p232351,Ryan Giles,40,19207,0,0,0,,,
2026-08-07T09:29:19.014495,2627,1,HUL,DEF,283,p449428,Matty Jacob,40,3201,0,0,0,Hip injury - 75% chance of playing,75,
2026-08-07T09:29:19.014495,2627,1,HUL,DEF,284,p661800,Cathal McCarthy,40,3201,0,0,0,,,
2026-08-07T09:29:19.014495,2627,1,HUL,DEF,285,p160817,Paddy McNair,40,3201,0,0,0,,,
2026-08-07T09:29:19.014495,2627,1,HUL,MID,286,p540324,Mohamed Belloumi,50,19207,0,0,0,,,
2026-08-07T09:29:19.014495,2627,1,HUL,MID,287,p232905,Liam Millar,50,3201,0,0,0,,,
2026-08-07T09:29:19.014495,2627,1,HUL,MID,288,p171270,Kieran Dowell,45,16006,0,0,0,,,
2026-08-07T09:29:19.014495,2627,1,HUL,MID,289,p101282,Matt Crooks,45,22409,0,0,0,,,
2026-08-07T09:29:19.014495,2627,1,HUL,MID,290,p243413,Regan Slater,45,60824,0,0,0,,,
2026-08-07T09:29:19.014495,2627,1,HUL,MID,291,p465525,Eliot Matazo,45,0,0,0,0,Knee injury - Unknown return date,0,
2026-08-07T09:29:19.014495,2627,1,HUL,MID,292,p208481,Abdülkadir Ömür,50,0,0,0,0,,,
2026-08-07T09:29:19.014495,2627,1,HUL,MID,293,p490161,Abu Kamara,50,0,0,0,0,,,
2026-08-07T09:29:19.014495,2627,1,HUL,MID,294,p553783,Óscar Zambrano,45,16006,0,0,0,Thigh injury - Unknown return date,0,
2026-08-07T09:29:19.014495,2627,1,HUL,FWD,295,p169432,Oli McBurnie,55,57623,0,0,0,,,
2026-08-07T09:29:19.014495,2627,1,HUL,MID,296,p213292,David Akintola,50,0,0,0,0,,,
2026-08-07T09:29:19.014495,2627,1,HUL,MID,297,p470294,Darko Gyabi,45,6402,0,0,0,Thigh injury - Unknown return date,0,
2026-08-07T09:29:19.014495,2627,1,HUL,FWD,298,p500957,Enis Destan,45,83234,0,0,0,,,
2026-08-07T09:29:19.014495,2627,1,HUL,FWD,299,p534392,Mason Burstow,45,22409,0,0,0,Has joined Sheffield Wednesday on loan for the rest of the season,0,
2026-08-07T09:29:19.014495,2627,1,HUL,DEF,556,p169359,Matt Targett,40,83234,0,0,0,,,
2026-08-07T09:29:19.014495,2627,1,HUL,MID,563,p445028,Hidemasa Morita,50,3201,0,0,0,,,
2026-08-07T09:29:19.014495,2627,1,HUL,GK,572,p473284,Konstantinos Tzolakis,45,0,0,0,0,,,
2026-08-07T09:29:19.014495,2627,1,IPS,DEF,259,p219924,Issa Diop,40,624255,0,0,0,,,
2026-08-07T09:29:19.014495,2627,1,IPS,GK,300,p108813,Christian Walton,45,19207,0,0,0,,,
2026-08-07T09:29:19.014495,2627,1,IPS,GK,301,p112520,Alex Palmer,40,188877,0,0,0,,,
2026-08-07T09:29:19.014495,2627,1,IPS,GK,302,p50093,David Button,40,16006,0,0,0,,,
2026-08-07T09:29:19.014495,2627,1,IPS,DEF,303,p183015,Cédric Kipré,40,12805,0,0,0,,,
2026-08-07T09:29:19.014495,2627,1,IPS,DEF,304,p216616,Dara O'Shea,40,51220,0,0,0,,,
2026-08-07T09:29:19.014495,2627,1,IPS,DEF,305,p455084,Leif Davis,40,108844,0,0,0,,,
2026-08-07T09:29:19.014495,2627,1,IPS,DEF,306,p449429,Jacob Greaves,40,16006,0,0,0,,,
2026-08-07T09:29:19.014495,2627,1,IPS,DEF,307,p222018,Ben Johnson,40,3201,0,0,0,,,
2026-08-07T09:29:19.014495,2627,1,IPS,DEF,308,p176420,Darnell Furlong,40,9603,0,0,0,,,
2026-08-07T09:29:19.014495,2627,1,IPS,MID,309,p501390,Marcelino Núñez,50,6402,0,0,0,,,
2026-08-07T09:29:19.014495,2627,1,IPS,MID,310,p241117,Azor Matusiwa,50,0,0,0,0,Muscular injury - Unknown return date,0,
2026-08-07T09:29:19.014495,2627,1,IPS,MID,311,p149929,Wes Burns,50,3201,0,0,0,,,
2026-08-07T09:29:19.014495,2627,1,IPS,MID,312,p231899,Jack Taylor,45,6402,0,0,0,Knee injury - Unknown return date,0,
2026-08-07T09:29:19.014495,2627,1,IPS,MID,313,p443261,Jack Clarke,55,9603,0,0,0,,,
2026-08-07T09:29:19.014495,2627,1,IPS,MID,314,p229164,Chiedozie Ogbene,50,0,0,0,0,,,
2026-08-07T09:29:19.014495,2627,1,IPS,MID,315,p531442,Abdul Fatawu,55,9603,0,0,0,,,
2026-08-07T09:29:19.014495,2627,1,IPS,FWD,316,p543968,Emersonn Correia da Silva,55,9603,0,0,0,,,
2026-08-07T09:29:19.014495,2627,1,IPS,FWD,317,p222625,George Hirst,50,16006,0,0,0,,,
2026-08-07T09:29:19.014495,2627,1,IPS,MID,318,p481624,Jaden Philogene,55,6402,0,0,0,,,
2026-08-07T09:29:19.014495,2627,1,IPS,MID,319,p172453,Sam Szmodics,50,3201,0,0,0,,,
2026-08-07T09:29:19.014495,2627,1,IPS,FWD,320,p147675,Chuba Akpom,50,16006,0,0,0,,,
2026-08-07T09:29:19.014495,2627,1,IPS,FWD,321,p557012,Sindre Walle Egeli,45,67227,0,0,0,,,
2026-08-07T09:29:19.014495,2627,1,IPS,FWD,322,p462387,Ali Al-Hamadi,50,6402,0,0,0,,,
2026-08-07T09:29:19.014495,2627,1,IPS,MID,323,p461587,Kasey McAteer,45,51220,0,0,0,,,
2026-08-07T09:29:19.014495,2627,1,IPS,MID,324,p232457,Anis Mehmeti,50,3201,0,0,0,,,
2026-08-07T09:29:19.014495,2627,1,IPS,GK,554,p546600,Kayne van Oevelen,45,3201,0,0,0,,,
2026-08-07T09:29:19.014495,2627,1,IPS,MID,562,p442967,Daizen Maeda,55,12805,0,0,0,,,
2026-08-07T09:29:19.014495,2627,1,IPS,GK,564,p240514,Kjell Scherpen,45,9603,0,0,0,,,
2026-08-07T09:29:19.014495,2627,1,IPS,MID,571,p216055,Florentino Ibrain Morris Luís,50,0,0,0,0,,,
2026-08-07T09:29:19.014495,2627,1,LEE,MID,260,p153682,Harry Wilson,65,268909,0,0,0,,,
2026-08-07T09:29:19.014495,2627,1,LEE,GK,326,p201595,Lucas Estella Perri,45,22409,0,0,0,,,
2026-08-07T09:29:19.014495,2627,1,LEE,DEF,327,p434752,Jaka Bijol,50,9603,0,0,0,,,
2026-08-07T09:29:19.014495,2627,1,LEE,DEF,329,p214225,Joe Rodon,45,57623,0,0,0,,,
2026-08-07T09:29:19.014495,2627,1,LEE,DEF,330,p226182,Jayden Bogle,45,12805,0,0,0,,,
2026-08-07T09:29:19.014495,2627,1,LEE,DEF,331,p243526,Gabriel Gudmundsson,45,16006,0,0,0,,,
2026-08-07T09:29:19.014495,2627,1,LEE,DEF,332,p220627,James Justin,45,16006,0,0,0,,,
2026-08-07T09:29:19.014495,2627,1,LEE,DEF,333,p437738,Sebastiaan Bornauw,45,0,0,0,0,,,
2026-08-07T09:29:19.014495,2627,1,LEE,DEF,334,p522047,Tarik Muharemović,50,41617,0,0,0,,,
2026-08-07T09:29:19.014495,2627,1,LEE,MID,335,p466525,Anton Stach,60,41617,0,0,0,,,
2026-08-07T09:29:19.014495,2627,1,LEE,MID,336,p435997,Noah Okafor,60,22409,0,0,0,,,
2026-08-07T09:29:19.014495,2627,1,LEE,MID,337,p427637,Brenden Aaronson,55,25610,0,0,0,,,
2026-08-07T09:29:19.014495,2627,1,LEE,MID,338,p199598,Ethan Ampadu,55,48019,0,0,0,,,
2026-08-07T09:29:19.014495,2627,1,LEE,MID,339,p180135,Sean Longstaff,50,6402,0,0,0,,,
2026-08-07T09:29:19.014495,2627,1,LEE,MID,340,p462635,Joe Gelhardt,50,0,0,0,0,,,
2026-08-07T09:29:19.014495,2627,1,LEE,MID,341,p492859,Wilfried Gnonto,50,3201,0,0,0,,,
2026-08-07T09:29:19.014495,2627,1,LEE,MID,342,p221399,Jack Harrison,50,0,0,0,0,Has joined New England Revolution permanently,0,
2026-08-07T09:29:19.014495,2627,1,LEE,MID,343,p200617,Daniel James,50,3201,0,0,0,,,
2026-08-07T09:29:19.014495,2627,1,LEE,MID,344,p486520,Ilia Gruev,50,0,0,0,0,,,
2026-08-07T09:29:19.014495,2627,1,LEE,MID,345,p248056,Tanaka Ao,50,9603,0,0,0,,,
2026-08-07T09:29:19.014495,2627,1,LEE,FWD,346,p177815,Dominic Calvert-Lewin,60,742703,0,0,0,,,
2026-08-07T09:29:19.014495,2627,1,LEE,FWD,347,p174594,Lukas Nmecha,55,19207,0,0,0,,,
2026-08-07T09:29:19.014495,2627,1,LEE,FWD,348,p235826,Joël Piroe,50,16006,0,0,0,,,
2026-08-07T09:29:19.014495,2627,1,LEE,FWD,349,p565297,Mateo Joseph Fernández-Regatillo,45,9603,0,0,0,Knee injury - Unknown return date,0,
2026-08-07T09:29:19.014495,2627,1,LIV,GK,350,p116535,Alisson Becker,55,131253,0,0,0,,,
2026-08-07T09:29:19.014495,2627,1,LIV,GK,351,p449027,Giorgi Mamardashvili,50,6402,0,0,0,,,
2026-08-07T09:29:19.014495,2627,1,LIV,GK,352,p155503,Freddie Woodman,40,38415,0,0,0,,,
2026-08-07T09:29:19.014495,2627,1,LIV,GK,353,p586268,Armin Pecsi,40,3201,0,0,0,,,
2026-08-07T09:29:19.014495,2627,1,LIV,GK,354,p432987,Vitezslav Jaros,40,0,0,0,0,Knee injury - Unknown return date,0,
2026-08-07T09:29:19.014495,2627,1,LIV,GK,355,p464353,Harvey Davies,40,3201,0,0,0,,,
2026-08-07T09:29:19.014495,2627,1,LIV,DEF,356,p97032,Virgil van Dijk,65,521813,0,0,0,,,
2026-08-07T09:29:19.014495,2627,1,LIV,DEF,357,p216094,Jeremie Frimpong,55,96039,0,0,0,,,
2026-08-07T09:29:19.014495,2627,1,LIV,DEF,358,p544877,Milos Kerkez,55,182474,0,0,0,,,
2026-08-07T09:29:19.014495,2627,1,LIV,DEF,359,p171287,Joe Gomez,50,3201,0,0,0,Muscular injury - Unknown return date,0,
2026-08-07T09:29:19.014495,2627,1,LIV,DEF,360,p492777,Conor Bradley,50,0,0,0,0,Knee injury - Unknown return date,0,
2026-08-07T09:29:19.014495,2627,1,LIV,DEF,361,p519440,Wellity Lucky,40,3201,0,0,0,,,
2026-08-07T09:29:19.014495,2627,1,LIV,DEF,362,p606702,Jeremy Jacquet,50,60824,0,0,0,,100,
2026-08-07T09:29:19.014495,2627,1,LIV,DEF,363,p647681,Giovanni Leoni,40,3201,0,0,0,Knee injury - Unknown return date,0,
2026-08-07T09:29:19.014495,2627,1,LIV,DEF,364,p214285,Kostas Tsimikas,50,3201,0,0,0,,,
2026-08-07T09:29:19.014495,2627,1,LIV,DEF,365,p489580,Calvin Ramsay,40,6402,0,0,0,,,
2026-08-07T09:29:19.014495,2627,1,LIV,MID,366,p494595,Florian Wirtz,75,400163,0,0,0,,,
2026-08-07T09:29:19.014495,2627,1,LIV,MID,367,p243298,Cody Gakpo,70,112045,0,0,0,,,
2026-08-07T09:29:19.014495,2627,1,LIV,MID,368,p424876,Dominik Szoboszlai,70,1504614,0,0,0,,,
2026-08-07T09:29:19.014495,2627,1,LIV,MID,369,p611922,Rio Ngumoha,60,51220,0,0,0,,,
2026-08-07T09:29:19.014495,2627,1,LIV,MID,370,p223541,Federico Chiesa,55,6402,0,0,0,,,
2026-08-07T09:29:19.014495,2627,1,LIV,MID,371,p441266,Ryan Gravenberch,60,60824,0,0,0,,,
2026-08-07T09:29:19.014495,2627,1,LIV,MID,372,p243016,Alexis Mac Allister,55,60824,0,0,0,,,
2026-08-07T09:29:19.014495,2627,1,LIV,MID,373,p206915,Curtis Jones,55,3201,0,0,0,,,
2026-08-07T09:29:19.014495,2627,1,LIV,MID,374,p158983,Endo Wataru,50,0,0,0,0,Ankle injury - 75% chance of playing,75,
2026-08-07T09:29:19.014495,2627,1,LIV,MID,375,p591386,Trey Nyoni,50,3201,0,0,0,,,
2026-08-07T09:29:19.014495,2627,1,LIV,MID,376,p535928,Stefan Bajčetić Maquieira,50,0,0,0,0,Hamstring injury - Expected back 23 Aug,0,1
2026-08-07T09:29:19.014495,2627,1,LIV,MID,377,p551499,Victor Munoz,65,25610,0,0,0,,,
2026-08-07T09:29:19.014495,2627,1,LIV,MID,378,p491501,James McConnell,45,6402,0,0,0,,,
2026-08-07T09:29:19.014495,2627,1,LIV,FWD,379,p219168,Alexander Isak,90,361747,0,0,0,,,
2026-08-07T09:29:19.014495,2627,1,LIV,FWD,380,p510663,Hugo Ekitiké,75,6402,0,0,0,Achilles injury - Unknown return date,0,
2026-08-07T09:29:19.014495,2627,1,LIV,MID,381,p514514,Lewis Koumas,50,0,0,0,0,,,
2026-08-07T09:29:19.014495,2627,1,LIV,FWD,382,p500058,Jayden Danns,45,3201,0,0,0,Unspecified injury - Unknown return date,0,
2026-08-07T09:29:19.014495,2627,1,LIV,MID,383,p444884,Harvey Elliott,55,3201,0,0,0,,,
2026-08-07T09:29:19.014495,2627,1,MCI,MID,238,p114283,Jack Grealish,65,6402,0,0,0,Foot injury - 75% chance of playing,75,
2026-08-07T09:29:19.014495,2627,1,MCI,GK,384,p204936,Gianluigi Donnarumma,55,355345,0,0,0,,,
2026-08-07T09:29:19.014495,2627,1,MCI,GK,385,p432720,James Trafford,50,48019,0,0,0,,,
2026-08-07T09:29:19.014495,2627,1,MCI,GK,386,p122074,Marcus Bettinelli,45,0,0,0,0,,,
2026-08-07T09:29:19.014495,2627,1,MCI,DEF,387,p472769,Nico O'Reilly,65,723495,0,0,0,,,
2026-08-07T09:29:19.014495,2627,1,MCI,DEF,388,p209036,Marc Guéhi,60,758709,0,0,0,,,
2026-08-07T09:29:19.014495,2627,1,MCI,DEF,389,p465351,Matheus Nunes,60,156864,0,0,0,,,
2026-08-07T09:29:19.014495,2627,1,MCI,DEF,390,p171314,Rúben dos Santos Gato Alves Dias,55,44818,0,0,0,,,
2026-08-07T09:29:19.014495,2627,1,MCI,DEF,391,p477424,Joško Gvardiol,55,380955,0,0,0,,,
2026-08-07T09:29:19.014495,2627,1,MCI,DEF,392,p448514,Rayan Aït-Nouri,55,32013,0,0,0,,,
2026-08-07T09:29:19.014495,2627,1,MCI,DEF,393,p578153,Abdukodir Khusanov,55,64026,0,0,0,,,
2026-08-07T09:29:19.014495,2627,1,MCI,DEF,394,p494307,Max Alleyne,50,0,0,0,0,,,
2026-08-07T09:29:19.014495,2627,1,MCI,DEF,395,p477064,Rico Lewis,45,6402,0,0,0,,,
2026-08-07T09:29:19.014495,2627,1,MCI,DEF,396,p616222,Vitor de Oliveira Nunes dos Reis,45,0,0,0,0,,,
2026-08-07T09:29:19.014495,2627,1,MCI,MID,397,p437730,Antoine Semenyo,85,726696,0,0,0,,,
2026-08-07T09:29:19.014495,2627,1,MCI,MID,398,p209244,Phil Foden,70,240098,0,0,0,,,
2026-08-07T09:29:19.014495,2627,1,MCI,MID,399,p466052,Rayan Cherki,75,297721,0,0,0,,,
2026-08-07T09:29:19.014495,2627,1,MCI,MID,400,p248875,Jérémy Doku,75,204883,0,0,0,,,
2026-08-07T09:29:19.014495,2627,1,MCI,FWD,401,p438234,Omar Marmoush,70,22409,0,0,0,,,
2026-08-07T09:29:19.014495,2627,1,MCI,MID,402,p220566,Rodrigo 'Rodri' Hernandez Cascante,65,3201,0,0,0,Back injury - Unknown return date,0,
2026-08-07T09:29:19.014495,2627,1,MCI,MID,403,p510281,Sávio Moreira de Oliveira,65,3201,0,0,0,,,
2026-08-07T09:29:19.014495,2627,1,MCI,MID,404,p433036,Tijjani Reijnders,60,12805,0,0,0,,,
2026-08-07T09:29:19.014495,2627,1,MCI,MID,405,p465694,Nico González Iglesias,55,3201,0,0,0,,,
2026-08-07T09:29:19.014495,2627,1,MCI,MID,406,p91651,Mateo Kovačić,55,0,0,0,0,,,
2026-08-07T09:29:19.014495,2627,1,MCI,MID,407,p575204,Claudio Echeverri,50,0,0,0,0,,,
2026-08-07T09:29:19.014495,2627,1,MCI,MID,408,p155405,Kalvin Phillips,50,0,0,0,0,,,
2026-08-07T09:29:19.014495,2627,1,MCI,MID,409,p590039,Divine Mukasa,45,3201,0,0,0,,,
2026-08-07T09:29:19.014495,2627,1,MCI,MID,410,p649208,Jeremy Monga,50,0,0,0,0,,,
2026-08-07T09:29:19.014495,2627,1,MCI,FWD,411,p223094,Erling Haaland,155,2394578,0,0,0,,,
2026-08-07T09:29:19.014495,2627,1,MCI,MID,481,p215379,Elliot Anderson,65,384156,0,0,0,,,
2026-08-07T09:29:19.014495,2627,1,MUN,MID,43,p166989,Youri Tielemans,60,25610,0,0,0,Hamstring injury - 75% chance of playing,75,
2026-08-07T09:29:19.014495,2627,1,MUN,MID,162,p532605,Andrey Nascimento dos Santos,50,44818,0,0,0,,,
2026-08-07T09:29:19.014495,2627,1,MUN,GK,325,p59735,Karl Darlow,45,3201,0,0,0,Unspecified injury - 75% chance of playing,75,
2026-08-07T09:29:19.014495,2627,1,MUN,GK,412,p465247,Senne Lammens,50,653066,0,0,0,,,
2026-08-07T09:29:19.014495,2627,1,MUN,GK,413,p451302,Altay Bayındır,45,6402,0,0,0,,,
2026-08-07T09:29:19.014495,2627,1,MUN,GK,414,p21205,Tom Heaton,40,9603,0,0,0,,,
2026-08-07T09:29:19.014495,2627,1,MUN,MID,415,p596777,Patrick Dorgu,60,57623,0,0,0,,,
2026-08-07T09:29:19.014495,2627,1,MUN,DEF,416,p209365,Matthijs de Ligt,50,0,0,0,0,Back injury - Unknown return date,0,
2026-08-07T09:29:19.014495,2627,1,MUN,DEF,417,p216051,Diogo Dalot Teixeira,50,96039,0,0,0,,,
2026-08-07T09:29:19.014495,2627,1,MUN,DEF,418,p95658,Harry Maguire,50,268909,0,0,0,,,
2026-08-07T09:29:19.014495,2627,1,MUN,DEF,419,p221820,Lisandro Martínez,50,19207,0,0,0,Thigh injury - 75% chance of playing,75,
2026-08-07T09:29:19.014495,2627,1,MUN,DEF,420,p550864,Leny Yoro,50,22409,0,0,0,,,
2026-08-07T09:29:19.014495,2627,1,MUN,DEF,421,p606745,Ayden Heaven,45,9603,0,0,0,,,
2026-08-07T09:29:19.014495,2627,1,MUN,DEF,422,p230001,Noussair Mazraoui,45,22409,0,0,0,,,
2026-08-07T09:29:19.014495,2627,1,MUN,DEF,423,p106760,Luke Shaw,45,790723,0,0,0,,,
2026-08-07T09:29:19.014495,2627,1,MUN,DEF,424,p577974,Harry Amass,40,6402,0,0,0,,,
2026-08-07T09:29:19.014495,2627,1,MUN,DEF,425,p547676,Tyler Fredricson,40,3201,0,0,0,,,
2026-08-07T09:29:19.014495,2627,1,MUN,MID,426,p141746,Bruno Borges Fernandes,120,1559036,0,0,0,,,
2026-08-07T09:29:19.014495,2627,1,MUN,MID,427,p446008,Bryan Mbeumo,80,589040,0,0,0,,,
2026-08-07T09:29:19.014495,2627,1,MUN,MID,428,p430871,Matheus Santos Carneiro da Cunha,80,451384,0,0,0,,,
2026-08-07T09:29:19.014495,2627,1,MUN,MID,429,p176297,Marcus Rashford,70,44818,0,0,0,,,
2026-08-07T09:29:19.014495,2627,1,MUN,MID,430,p184341,Mason Mount,55,6402,0,0,0,,,
2026-08-07T09:29:19.014495,2627,1,MUN,MID,431,p493250,Amad Diallo,60,51220,0,0,0,,,
2026-08-07T09:29:19.014495,2627,1,MUN,MID,432,p516895,Kobbie Mainoo,55,41617,0,0,0,,,
2026-08-07T09:29:19.014495,2627,1,MUN,MID,433,p232112,Manuel Ugarte Ribeiro,50,0,0,0,0,Knee injury - Unknown return date,0,
2026-08-07T09:29:19.014495,2627,1,MUN,MID,434,p547037,Jack Fletcher,50,0,0,0,0,,,
2026-08-07T09:29:19.014495,2627,1,MUN,MID,435,p576628,Shea Lacey,50,3201,0,0,0,,,
2026-08-07T09:29:19.014495,2627,1,MUN,MID,436,p490881,Toby Collyer,50,0,0,0,0,,,
2026-08-07T09:29:19.014495,2627,1,MUN,MID,437,p576620,Bendito Mantato,45,6402,0,0,0,,,
2026-08-07T09:29:19.014495,2627,1,MUN,MID,438,p519913,Tyler Fletcher,45,9603,0,0,0,,,
2026-08-07T09:29:19.014495,2627,1,MUN,FWD,439,p485711,Benjamin Sesko,70,86435,0,0,0,Shin injury - 75% chance of playing,75,
2026-08-07T09:29:19.014495,2627,1,MUN,FWD,440,p458249,Joshua Zirkzee,55,22409,0,0,0,,,
2026-08-07T09:29:19.014495,2627,1,MUN,FWD,441,p596047,Chido Obi,45,38415,0,0,0,,,
2026-08-07T09:29:19.014495,2627,1,NEW,GK,442,p98747,Nick Pope,50,35214,0,0,0,,,
2026-08-07T09:29:19.014495,2627,1,NEW,GK,443,p81441,Mark Gillespie,45,0,0,0,0,,,
2026-08-07T09:29:19.014495,2627,1,NEW,GK,444,p554578,Ewen Jaouen,45,3201,0,0,0,,,
2026-08-07T09:29:19.014495,2627,1,NEW,DEF,445,p465642,Malick Thiaw,50,64026,0,0,0,,,
2026-08-07T09:29:19.014495,2627,1,NEW,DEF,446,p119471,Fabian Schär,50,6402,0,0,0,,100,
2026-08-07T09:29:19.014495,2627,1,NEW,DEF,447,p220237,Sven Botman,50,12805,0,0,0,,,
2026-08-07T09:29:19.014495,2627,1,NEW,DEF,448,p78916,Dan Burn,50,86435,0,0,0,,,
2026-08-07T09:29:19.014495,2627,1,NEW,DEF,449,p487838,Lewis Hall,50,131253,0,0,0,,,
2026-08-07T09:29:19.014495,2627,1,NEW,DEF,450,p441191,Tino Livramento,50,3201,0,0,0,Calf injury - 75% chance of playing,75,
2026-08-07T09:29:19.014495,2627,1,NEW,DEF,451,p545477,Alex Murphy,40,25610,0,0,0,,,
2026-08-07T09:29:19.014495,2627,1,NEW,MID,452,p208706,Bruno Guimarães Rodriguez Moura,70,297721,0,0,0,,,
2026-08-07T09:29:19.014495,2627,1,NEW,MID,453,p201666,Harvey Barnes,60,38415,0,0,0,,,
2026-08-07T09:29:19.014495,2627,1,NEW,MID,454,p449434,Anthony Elanga,60,22409,0,0,0,,,
2026-08-07T09:29:19.014495,2627,1,NEW,MID,456,p232653,Jacob Ramsey,50,16006,0,0,0,,,
2026-08-07T09:29:19.014495,2627,1,NEW,MID,457,p114243,Jacob Murphy,60,6402,0,0,0,,,
2026-08-07T09:29:19.014495,2627,1,NEW,MID,458,p180974,Joelinton Cássio Apolinário de Lira,55,0,0,0,0,Thigh injury - 75% chance of playing,75,
2026-08-07T09:29:19.014495,2627,1,NEW,MID,459,p547719,Lewis Miley,55,0,0,0,0,Leg injury - Expected back 30 Aug,0,3
2026-08-07T09:29:19.014495,2627,1,NEW,MID,460,p200089,Joe Willock,50,3201,0,0,0,,,
2026-08-07T09:29:19.014495,2627,1,NEW,MID,461,p611665,Bazoumana Touré,60,6402,0,0,0,,,
2026-08-07T09:29:19.014495,2627,1,NEW,MID,462,p636852,Sean Steur,50,3201,0,0,0,,,
2026-08-07T09:29:19.014495,2627,1,NEW,FWD,463,p470313,Nick Woltemade,60,54422,0,0,0,,,
2026-08-07T09:29:19.014495,2627,1,NEW,FWD,464,p216646,Yoane Wissa,60,44818,0,0,0,,,
2026-08-07T09:29:19.014495,2627,1,NEW,FWD,465,p538207,William Osula,60,51220,0,0,0,,,
2026-08-07T09:29:19.014495,2627,1,NEW,FWD,466,p599303,Sean Neave,45,22409,0,0,0,,,
2026-08-07T09:29:19.014495,2627,1,NEW,MID,559,p632794,Aladji Bamba,50,3201,0,0,0,,,
2026-08-07T09:29:19.014495,2627,1,NEW,GK,567,p470551,Lukás Hornícek,50,6402,0,0,0,,,
2026-08-07T09:29:19.014495,2627,1,NFO,GK,467,p85633,Matz Sels,50,44818,0,0,0,,,
2026-08-07T09:29:19.014495,2627,1,NFO,GK,468,p221389,John Victor Maciel Furtado,45,3201,0,0,0,,,
2026-08-07T09:29:19.014495,2627,1,NFO,DEF,469,p215136,Neco Williams,50,412968,0,0,0,,,
2026-08-07T09:29:19.014495,2627,1,NFO,DEF,470,p485047,Felipe Rodrigues da Silva,50,3201,0,0,0,,,
2026-08-07T09:29:19.014495,2627,1,NFO,DEF,471,p227444,Nikola Milenković,55,73630,0,0,0,,,
2026-08-07T09:29:19.014495,2627,1,NFO,DEF,472,p575476,Murillo Costa dos Santos,55,6402,0,0,0,Muscular injury - 75% chance of playing,75,
2026-08-07T09:29:19.014495,2627,1,NFO,DEF,473,p159506,Ola Aina,45,144058,0,0,0,,,
2026-08-07T09:29:19.014495,2627,1,NFO,DEF,474,p575458,Jair Paula da Cunha Filho,45,12805,0,0,0,,,
2026-08-07T09:29:19.014495,2627,1,NFO,DEF,475,p500151,Nicolò Savona,45,0,0,0,0,Knee injury - Unknown return date,0,
2026-08-07T09:29:19.014495,2627,1,NFO,DEF,476,p204822,Omar Richards,40,6402,0,0,0,,,
2026-08-07T09:29:19.014495,2627,1,NFO,DEF,477,p549067,Zach Abbott,40,6402,0,0,0,,,
2026-08-07T09:29:19.014495,2627,1,NFO,DEF,478,p470315,Luca Netz,45,0,0,0,0,,,
2026-08-07T09:29:19.014495,2627,1,NFO,DEF,479,p538638,Tyler Bindon,40,6402,0,0,0,,,
2026-08-07T09:29:19.014495,2627,1,NFO,MID,480,p222531,Morgan Gibbs-White,80,371351,0,0,0,,,
2026-08-07T09:29:19.014495,2627,1,NFO,MID,482,p209046,Callum Hudson-Odoi,60,0,0,0,0,Thigh injury - 75% chance of playing,75,
2026-08-07T09:29:19.014495,2627,1,NFO,MID,483,p456512,Dan Ndoye,55,16006,0,0,0,,,
2026-08-07T09:29:19.014495,2627,1,NFO,MID,484,p503301,Omari Hutchinson,55,6402,0,0,0,,,
2026-08-07T09:29:19.014495,2627,1,NFO,MID,485,p476887,Dilane Bakwa,55,0,0,0,0,,,
2026-08-07T09:29:19.014495,2627,1,NFO,MID,486,p432714,James McAtee,55,3201,0,0,0,,,
2026-08-07T09:29:19.014495,2627,1,NFO,MID,487,p250199,Nicolás Domínguez,50,3201,0,0,0,,,
2026-08-07T09:29:19.014495,2627,1,NFO,MID,488,p210462,Ibrahim Sangaré,50,16006,0,0,0,,,
2026-08-07T09:29:19.014495,2627,1,NFO,MID,489,p204968,Ryan Yates,45,230494,0,0,0,,,
2026-08-07T09:29:19.014495,2627,1,NFO,FWD,490,p60689,Chris Wood,60,57623,0,0,0,,,
2026-08-07T09:29:19.014495,2627,1,NFO,FWD,491,p482973,Igor Jesus Maciel da Cruz,60,160065,0,0,0,,,
2026-08-07T09:29:19.014495,2627,1,NFO,FWD,492,p210156,Taiwo Awoniyi,55,12805,0,0,0,,,
2026-08-07T09:29:19.014495,2627,1,NFO,FWD,493,p465680,Arnaud Kalimuendo,55,3201,0,0,0,,,
2026-08-07T09:29:19.014495,2627,1,NFO,MID,558,p204561,Xaver Schlager,50,3201,0,0,0,,,
2026-08-07T09:29:19.014495,2627,1,TOT,DEF,112,p469142,Jan Paul van Hecke,50,265708,0,0,0,,,
2026-08-07T09:29:19.014495,2627,1,TOT,MID,455,p432422,Sandro Tonali,55,131253,0,0,0,,,
2026-08-07T09:29:19.014495,2627,1,TOT,GK,494,p184254,Guglielmo Vicario,45,48019,0,0,0,,,
2026-08-07T09:29:19.014495,2627,1,TOT,GK,495,p214572,Brandon Austin,40,19207,0,0,0,,,
2026-08-07T09:29:19.014495,2627,1,TOT,GK,496,p485055,Antonín Kinský,45,611449,0,0,0,,,
2026-08-07T09:29:19.014495,2627,1,TOT,GK,497,p67089,Martin Dubravka,40,761911,0,0,0,,,
2026-08-07T09:29:19.014495,2627,1,TOT,DEF,498,p221466,Marcos Senesi Barón,60,345741,0,0,0,,,
2026-08-07T09:29:19.014495,2627,1,TOT,DEF,499,p441164,Pedro Porro Sauceda,55,761911,0,0,0,,,
2026-08-07T09:29:19.014495,2627,1,TOT,DEF,500,p221632,Cristian Romero,50,35214,0,0,0,,,
2026-08-07T09:29:19.014495,2627,1,TOT,DEF,501,p135720,Kevin Danso,50,6402,0,0,0,,,
2026-08-07T09:29:19.014495,2627,1,TOT,DEF,502,p122798,Andrew Robertson,45,60824,0,0,0,,,
2026-08-07T09:29:19.014495,2627,1,TOT,DEF,503,p491279,Micky van de Ven,50,208085,0,0,0,,,
2026-08-07T09:29:19.014495,2627,1,TOT,DEF,505,p232859,Djed Spence,45,294520,0,0,0,,,
2026-08-07T09:29:19.014495,2627,1,TOT,DEF,506,p487053,Destiny Udogie,45,12805,0,0,0,,,
2026-08-07T09:29:19.014495,2627,1,TOT,DEF,507,p548308,Ashley Phillips,45,3201,0,0,0,,,
2026-08-07T09:29:19.014495,2627,1,TOT,DEF,508,p115556,Ben Davies,40,25610,0,0,0,,,
2026-08-07T09:29:19.014495,2627,1,TOT,DEF,509,p640419,Jun'ai Byfield,40,3201,0,0,0,,,
2026-08-07T09:29:19.014495,2627,1,TOT,DEF,510,p499716,James Rowswell,40,3201,0,0,0,,,
2026-08-07T09:29:19.014495,2627,1,TOT,DEF,511,p616221,João Victor de Souza Menezes,40,9603,0,0,0,,,
2026-08-07T09:29:19.014495,2627,1,TOT,MID,512,p460842,Mohammed Kudus,65,6402,0,0,0,Thigh injury - 75% chance of playing,75,
2026-08-07T09:29:19.014495,2627,1,TOT,MID,513,p493362,Xavi Simons,60,0,0,0,0,Knee injury - Unknown return date,0,
2026-08-07T09:29:19.014495,2627,1,TOT,MID,514,p511499,Mathys Tel,60,12805,0,0,0,,,
2026-08-07T09:29:19.014495,2627,1,TOT,MID,515,p172780,James Maddison,65,64026,0,0,0,,,
2026-08-07T09:29:19.014495,2627,1,TOT,MID,516,p202993,Rodrigo Bentancur,55,3201,0,0,0,,,
2026-08-07T09:29:19.014495,2627,1,TOT,MID,517,p550839,Wilson Odobert,55,0,0,0,0,Knee injury - Unknown return date,0,
2026-08-07T09:29:19.014495,2627,1,TOT,MID,518,p482442,Pape Matar Sarr,50,12805,0,0,0,,,
2026-08-07T09:29:19.014495,2627,1,TOT,MID,519,p232787,Conor Gallagher,55,6402,0,0,0,,,
2026-08-07T09:29:19.014495,2627,1,TOT,MID,520,p570526,Lucas Bergvall,55,6402,0,0,0,,,
2026-08-07T09:29:19.014495,2627,1,TOT,MID,521,p445044,Dejan Kulusevski,65,0,0,0,0,Knee injury - Unknown return date,0,
2026-08-07T09:29:19.014495,2627,1,TOT,MID,522,p547701,Archie Gray,50,6402,0,0,0,,,
2026-08-07T09:29:19.014495,2627,1,TOT,MID,523,p499721,Mikey Moore,50,3201,0,0,0,,,
2026-08-07T09:29:19.014495,2627,1,TOT,MID,524,p499726,Callum Olusesi,45,28811,0,0,0,,,
2026-08-07T09:29:19.014495,2627,1,TOT,MID,525,p551226,Mateus Fernandes,60,112045,0,0,0,,,
2026-08-07T09:29:19.014495,2627,1,TOT,FWD,526,p154566,Dominic Solanke-Mitchell,60,86435,0,0,0,,,
2026-08-07T09:29:19.014495,2627,1,TOT,FWD,527,p212319,Richarlison de Andrade,60,60824,0,0,0,,,
2026-08-07T09:29:19.014495,2627,1,TOT,FWD,528,p490145,Dane Scarlett,45,54422,0,0,0,,,
2026-08-07T09:29:19.014495,2627,1,SUN,GK,529,p498016,Robin Roefs,50,163266,0,0,0,,,
2026-08-07T09:29:19.014495,2627,1,SUN,GK,530,p232571,Anthony Patterson,40,32013,0,0,0,,,
2026-08-07T09:29:19.014495,2627,1,SUN,GK,531,p515046,Melker Ellborg,45,3201,0,0,0,,,
2026-08-07T09:29:19.014495,2627,1,SUN,DEF,532,p223827,Daniel Ballard,50,115247,0,0,0,,,
2026-08-07T09:29:19.014495,2627,1,SUN,DEF,533,p200834,Nordi Mukiele,55,243299,0,0,0,,,
2026-08-07T09:29:19.014495,2627,1,SUN,DEF,534,p487676,Trai Hume,45,76831,0,0,0,,,
2026-08-07T09:29:19.014495,2627,1,SUN,DEF,535,p201895,Omar Alderete,50,38415,0,0,0,,,
2026-08-07T09:29:19.014495,2627,1,SUN,DEF,536,p434399,Reinildo Mandava,45,16006,0,0,0,,,
2026-08-07T09:29:19.014495,2627,1,SUN,DEF,537,p519634,Jenson Seelt,45,0,0,0,0,,,
2026-08-07T09:29:19.014495,2627,1,SUN,DEF,538,p477547,Leo Fuhr Hjelde,40,9603,0,0,0,,,
2026-08-07T09:29:19.014495,2627,1,SUN,DEF,539,p167512,Luke O'Nien,40,73630,0,0,0,,,
2026-08-07T09:29:19.014495,2627,1,SUN,DEF,540,p105717,Arthur Masuaku,40,44818,0,0,0,,,
2026-08-07T09:29:19.014495,2627,1,SUN,DEF,541,p93605,Thomas Meunier,45,16006,0,0,0,,,
2026-08-07T09:29:19.014495,2627,1,SUN,MID,542,p484420,Enzo Le Fée,60,406566,0,0,0,,,
2026-08-07T09:29:19.014495,2627,1,SUN,MID,543,p547027,Habib Diarra,55,3201,0,0,0,,,
2026-08-07T09:29:19.014495,2627,1,SUN,MID,544,p84450,Granit Xhaka,55,185675,0,0,0,,,
2026-08-07T09:29:19.014495,2627,1,SUN,MID,545,p577669,Noah Sadiki,50,12805,0,0,0,,,
2026-08-07T09:29:19.014495,2627,1,SUN,MID,546,p535818,Simon Adingra,50,9603,0,0,0,,,
2026-08-07T09:29:19.014495,2627,1,SUN,MID,547,p461199,Romaine Mundle,50,0,0,0,0,,,
2026-08-07T09:29:19.014495,2627,1,SUN,MID,548,p554197,Chris Rigg,50,3201,0,0,0,,,
2026-08-07T09:29:19.014495,2627,1,SUN,MID,549,p549912,Chemsdine Talbi,55,6402,0,0,0,,,
2026-08-07T09:29:19.014495,2627,1,SUN,MID,550,p699989,Djiamgone Jocelin Ta Bi,50,0,0,0,0,,,
2026-08-07T09:29:19.014495,2627,1,SUN,MID,551,p536661,Nilson Angulo,50,3201,0,0,0,,,
2026-08-07T09:29:19.014495,2627,1,SUN,FWD,552,p441264,Brian Brobbey,60,627456,0,0,0,,,
2026-08-07T09:29:19.014495,2627,1,SUN,FWD,553,p437505,Wilson Isidor,55,38415,0,0,0,,,
2026-08-08T09:21:13.774625,2627,1,ARS,GK,1,p154561,David Raya Martín,60,1032788,0,0,0,,,
2026-08-08T09:21:13.774625,2627,1,ARS,GK,2,p109745,Kepa Arrizabalaga Revuelta,50,3342,0,0,0,,,
2026-08-08T09:21:13.774625,2627,1,ARS,GK,3,p437495,Illan Meslier,50,3342,0,0,0,,,
2026-08-08T09:21:13.774625,2627,1,ARS,DEF,4,p226597,Gabriel dos Santos Magalhães,80,879039,0,0,0,,,
2026-08-08T09:21:13.774625,2627,1,ARS,DEF,5,p445122,Jurriën Timber,65,16711,0,0,0,Groin injury - Expected back 21 Aug,0,1
2026-08-08T09:21:13.774625,2627,1,ARS,DEF,6,p462424,William Saliba,60,16711,0,0,0,Back injury - Unknown return date,0,
2026-08-08T09:21:13.774625,2627,1,ARS,MID,7,p499169,Myles Lewis-Skelly,55,10027,0,0,0,,,
2026-08-08T09:21:13.774625,2627,1,ARS,DEF,8,p466075,Riccardo Calafiori,55,548146,0,0,0,,,
2026-08-08T09:21:13.774625,2627,1,ARS,DEF,9,p448104,Piero Hincapié,55,140378,0,0,0,,,
2026-08-08T09:21:13.774625,2627,1,ARS,DEF,10,p198869,Benjamin White,55,13369,0,0,0,,100,
2026-08-08T09:21:13.774625,2627,1,ARS,DEF,11,p500040,Cristhian Mosquera,55,538119,0,0,0,,,
2026-08-08T09:21:13.774625,2627,1,ARS,MID,12,p223340,Bukayo Saka,95,357632,0,0,0,,,
2026-08-08T09:21:13.774625,2627,1,ARS,MID,13,p204480,Declan Rice,75,748687,0,0,0,,,
2026-08-08T09:21:13.774625,2627,1,ARS,MID,14,p232413,Eberechi Eze,65,106955,0,0,0,,,
2026-08-08T09:21:13.774625,2627,1,ARS,MID,15,p184029,Martin Ødegaard,65,100270,0,0,0,,,
2026-08-08T09:21:13.774625,2627,1,ARS,MID,16,p248857,Noni Madueke,65,13369,0,0,0,,,
2026-08-08T09:21:13.774625,2627,1,ARS,MID,17,p195384,Mikel Merino Zazón,60,40108,0,0,0,,,
2026-08-08T09:21:13.774625,2627,1,ARS,MID,18,p444145,Gabriel Martinelli Silva,65,10027,0,0,0,,,
2026-08-08T09:21:13.774625,2627,1,ARS,MID,19,p481655,Martín Zubimendi Ibáñez,55,50135,0,0,0,,,
2026-08-08T09:21:13.774625,2627,1,ARS,MID,20,p616077,Max Dowman,55,6684,0,0,0,,,
2026-08-08T09:21:13.774625,2627,1,ARS,MID,22,p499175,Ethan Nwaneri,55,0,0,0,0,,,
2026-08-08T09:21:13.774625,2627,1,ARS,MID,23,p438098,Fábio Ferreira Vieira,55,0,0,0,0,,,
2026-08-08T09:21:13.774625,2627,1,ARS,MID,24,p200641,Reiss Nelson,55,0,0,0,0,,,
2026-08-08T09:21:13.774625,2627,1,ARS,FWD,25,p224117,Viktor Gyökeres,75,441191,0,0,0,,,
2026-08-08T09:21:13.774625,2627,1,ARS,FWD,26,p219847,Kai Havertz,75,130351,0,0,0,,,
2026-08-08T09:21:13.774625,2627,1,ARS,FWD,27,p205651,Gabriel Fernando de Jesus,60,13369,0,0,0,,,
2026-08-08T09:21:13.774625,2627,1,ARS,MID,557,p439509,Christos Tzolis,65,76874,0,0,0,,,
2026-08-08T09:21:13.774625,2627,1,AVL,GK,28,p98980,Emiliano Martínez Romero,50,157090,0,0,0,,,
2026-08-08T09:21:13.774625,2627,1,AVL,GK,29,p72147,Marco Bizot,45,3342,0,0,0,,,
2026-08-08T09:21:13.774625,2627,1,AVL,DEF,30,p101188,Lucas Digne,45,46792,0,0,0,,,
2026-08-08T09:21:13.774625,2627,1,AVL,DEF,31,p199798,Ezri Konsa Ngoyo,45,561515,0,0,0,,,
2026-08-08T09:21:13.774625,2627,1,AVL,DEF,32,p199796,Matty Cash,45,260703,0,0,0,,,
2026-08-08T09:21:13.774625,2627,1,AVL,DEF,33,p149484,Tyrone Mings,45,6684,0,0,0,,,
2026-08-08T09:21:13.774625,2627,1,AVL,DEF,34,p244954,Pau Torres,45,10027,0,0,0,,,
2026-08-08T09:21:13.774625,2627,1,AVL,MID,35,p515597,Lamare Bogarde,50,3342,0,0,0,,,
2026-08-08T09:21:13.774625,2627,1,AVL,DEF,36,p441302,Ian Maatsen,45,20054,0,0,0,,,
2026-08-08T09:21:13.774625,2627,1,AVL,DEF,37,p184667,Victor Lindelöf,45,6684,0,0,0,,,
2026-08-08T09:21:13.774625,2627,1,AVL,DEF,38,p606798,Andrés García,40,53477,0,0,0,,,
2026-08-08T09:21:13.774625,2627,1,AVL,DEF,39,p578545,Kosta Nedeljkovic,40,16711,0,0,0,,,
2026-08-08T09:21:13.774625,2627,1,AVL,MID,41,p195546,Emiliano Buendía Stati,60,30081,0,0,0,,,
2026-08-08T09:21:13.774625,2627,1,AVL,MID,42,p485337,Evann Guessand,55,0,0,0,0,,,
2026-08-08T09:21:13.774625,2627,1,AVL,MID,44,p215711,Leon Bailey,55,3342,0,0,0,,,
2026-08-08T09:21:13.774625,2627,1,AVL,MID,45,p122806,John McGinn,55,90243,0,0,0,,,
2026-08-08T09:21:13.774625,2627,1,AVL,MID,46,p88894,Ross Barkley,50,6684,0,0,0,,,
2026-08-08T09:21:13.774625,2627,1,AVL,MID,47,p226944,Boubacar Kamara,50,3342,0,0,0,,100,
2026-08-08T09:21:13.774625,2627,1,AVL,MID,48,p449871,Amadou Onana,50,0,0,0,0,Knee injury - Unknown return date,0,
2026-08-08T09:21:13.774625,2627,1,AVL,MID,49,p469247,Samuel Iling-Junior,50,0,0,0,0,,,
2026-08-08T09:21:13.774625,2627,1,AVL,MID,50,p645618,Bradley Burrowes,45,30081,0,0,0,,,
2026-08-08T09:21:13.774625,2627,1,AVL,MID,51,p577285,George Hemmings,45,10027,0,0,0,,,
2026-08-08T09:21:13.774625,2627,1,AVL,MID,52,p653481,Alysson Edward Franco da Rocha dos Santos,50,0,0,0,0,,,
2026-08-08T09:21:13.774625,2627,1,AVL,MID,53,p614071,Johan Manzambi,60,73531,0,0,0,,,
2026-08-08T09:21:13.774625,2627,1,AVL,MID,54,p448089,Joao Gomes,55,10027,0,0,0,,,
2026-08-08T09:21:13.774625,2627,1,AVL,FWD,55,p178301,Ollie Watkins,80,424479,0,0,0,,,
2026-08-08T09:21:13.774625,2627,1,AVL,FWD,56,p173879,Tammy Abraham,55,3342,0,0,0,,100,
2026-08-08T09:21:13.774625,2627,1,AVL,MID,160,p493105,Alejandro Garnacho Ferreyra,60,33423,0,0,0,,,
2026-08-08T09:21:13.774625,2627,1,BOU,GK,57,p457569,Đorđe Petrović,45,123667,0,0,0,,,
2026-08-08T09:21:13.774625,2627,1,BOU,GK,58,p40383,Fraser Forster,40,103613,0,0,0,,,
2026-08-08T09:21:13.774625,2627,1,BOU,GK,59,p444172,Will Dennis,40,6684,0,0,0,,,
2026-08-08T09:21:13.774625,2627,1,BOU,DEF,60,p463981,James Hill,55,43450,0,0,0,,,
2026-08-08T09:21:13.774625,2627,1,BOU,DEF,61,p494521,Adrien Truffert,55,160433,0,0,0,,,
2026-08-08T09:21:13.774625,2627,1,BOU,DEF,62,p242882,Bafodé Diakité,50,6684,0,0,0,,,
2026-08-08T09:21:13.774625,2627,1,BOU,DEF,63,p620487,Veljko Milosavljevic,50,3342,0,0,0,Unspecified injury - Unknown return date,0,
2026-08-08T09:21:13.774625,2627,1,BOU,DEF,64,p54469,Adam Smith,45,3342,0,0,0,,,
2026-08-08T09:21:13.774625,2627,1,BOU,DEF,65,p436893,Julián Araujo Zúñiga,45,3342,0,0,0,,,
2026-08-08T09:21:13.774625,2627,1,BOU,DEF,66,p575901,Julio Soler Barreto,40,20054,0,0,0,,,
2026-08-08T09:21:13.774625,2627,1,BOU,MID,67,p499604,Rayan Vitor Simplício Rocha,65,116982,0,0,0,,,
2026-08-08T09:21:13.774625,2627,1,BOU,MID,68,p201658,Marcus Tavernier,60,63504,0,0,0,,,
2026-08-08T09:21:13.774625,2627,1,BOU,MID,69,p503139,Alex Scott,60,53477,0,0,0,,,
2026-08-08T09:21:13.774625,2627,1,BOU,MID,70,p222683,Justin Kluivert,60,36765,0,0,0,,,
2026-08-08T09:21:13.774625,2627,1,BOU,MID,71,p155408,Lewis Cook,50,3342,0,0,0,,,
2026-08-08T09:21:13.774625,2627,1,BOU,MID,72,p496208,Ben Gannon-Doak,50,3342,0,0,0,,,
2026-08-08T09:21:13.774625,2627,1,BOU,MID,73,p200785,Tyler Adams,50,23396,0,0,0,,,
2026-08-08T09:21:13.774625,2627,1,BOU,MID,74,p111317,David Brooks,50,6684,0,0,0,,,
2026-08-08T09:21:13.774625,2627,1,BOU,MID,75,p158499,Ryan Christie,50,0,0,0,0,Suspended until 29 Aug,0,2
2026-08-08T09:21:13.774625,2627,1,BOU,MID,76,p614574,Alex Tóth,50,0,0,0,0,,,
2026-08-08T09:21:13.774625,2627,1,BOU,MID,77,p489888,Amine Adli,50,6684,0,0,0,,,
2026-08-08T09:21:13.774625,2627,1,BOU,MID,78,p560262,Junior Kroupi,75,150406,0,0,0,Foot injury - Unknown return date,0,
2026-08-08T09:21:13.774625,2627,1,BOU,FWD,79,p444102,Francisco Evanilson de Lima Barbosa,60,66847,0,0,0,,,
2026-08-08T09:21:13.774625,2627,1,BOU,FWD,80,p168636,Enes Ünal,55,6684,0,0,0,,,
2026-08-08T09:21:13.774625,2627,1,BOU,FWD,81,p561245,Álvaro Rodríguez,60,10027,0,0,0,,,
2026-08-08T09:21:13.774625,2627,1,BOU,DEF,566,p483067,António João Pereira de Albuquerque Tavares da Silva,50,6684,0,0,0,,,
2026-08-08T09:21:13.774625,2627,1,BOU,DEF,573,p494928,Juanlu Sánchez,45,0,0,0,0,,,
2026-08-08T09:21:13.774625,2627,1,BRE,GK,82,p200720,Caoimhín Kelleher,50,187171,0,0,0,,,
2026-08-08T09:21:13.774625,2627,1,BRE,GK,83,p507433,Hákon Rafn Valdimarsson,45,3342,0,0,0,,,
2026-08-08T09:21:13.774625,2627,1,BRE,DEF,84,p432830,Nathan Collins,55,66847,0,0,0,,,
2026-08-08T09:21:13.774625,2627,1,BRE,DEF,85,p444765,Sepp van den Berg,50,23396,0,0,0,,,
2026-08-08T09:21:13.774625,2627,1,BRE,MID,86,p249231,Keane Lewis-Potter,55,16711,0,0,0,,,
2026-08-08T09:21:13.774625,2627,1,BRE,DEF,87,p191866,Kristoffer Ajer,45,53477,0,0,0,,,
2026-08-08T09:21:13.774625,2627,1,BRE,DEF,88,p607464,Michael Kayode,45,130351,0,0,0,,,
2026-08-08T09:21:13.774625,2627,1,BRE,DEF,89,p194010,Rico Henry,45,6684,0,0,0,,,
2026-08-08T09:21:13.774625,2627,1,BRE,DEF,90,p472713,Aaron Hickey,45,3342,0,0,0,,,
2026-08-08T09:21:13.774625,2627,1,BRE,DEF,91,p231065,Ethan Pinnock,45,3342,0,0,0,,,
2026-08-08T09:21:13.774625,2627,1,BRE,DEF,92,p570241,Kim Ji-soo,45,0,0,0,0,,,
2026-08-08T09:21:13.774625,2627,1,BRE,DEF,93,p513086,Jannik Schuster,45,3342,0,0,0,,,
2026-08-08T09:21:13.774625,2627,1,BRE,MID,94,p513418,Kevin Schade,60,70189,0,0,0,,,
2026-08-08T09:21:13.774625,2627,1,BRE,MID,95,p533463,Dango Ouattara,65,46792,0,0,0,,,
2026-08-08T09:21:13.774625,2627,1,BRE,MID,96,p440089,Mikkel Damsgaard,55,23396,0,0,0,,,
2026-08-08T09:21:13.774625,2627,1,BRE,MID,97,p207283,Mathias Jensen,55,3342,0,0,0,,,
2026-08-08T09:21:13.774625,2627,1,BRE,MID,98,p204580,Vitaly Janelt,50,3342,0,0,0,,,
2026-08-08T09:21:13.774625,2627,1,BRE,MID,99,p543295,Antoni Milambo,50,0,0,0,0,Knee injury - 75% chance of playing,75,
2026-08-08T09:21:13.774625,2627,1,BRE,MID,100,p244858,Fábio Freitas Gouveia Carvalho,50,0,0,0,0,Lack of match fitness - 25% chance of playing,25,
2026-08-08T09:21:13.774625,2627,1,BRE,MID,102,p508395,Yehor Yarmoliuk,50,50135,0,0,0,,,
2026-08-08T09:21:13.774625,2627,1,BRE,MID,103,p183656,Josh Dasilva,50,0,0,0,0,,,
2026-08-08T09:21:13.774625,2627,1,BRE,MID,105,p444180,Jaidon Anthony,60,6684,0,0,0,,,
2026-08-08T09:21:13.774625,2627,1,BRE,FWD,106,p502500,Igor Thiago Nascimento Rodrigues,80,538119,0,0,0,,,
2026-08-08T09:21:13.774625,2627,1,BRE,FWD,107,p593174,Kaye Furo,45,30081,0,0,0,,,
2026-08-08T09:21:13.774625,2627,1,BRE,FWD,108,p75115,Callum Wilson,55,13369,0,0,0,,,
2026-08-08T09:21:13.774625,2627,1,BRE,MID,565,p513545,Mamadou Sangaré,55,40108,0,0,0,,,
2026-08-08T09:21:13.774625,2627,1,BHA,GK,109,p489639,Bart Verbruggen,45,564858,0,0,0,,,
2026-08-08T09:21:13.774625,2627,1,BHA,GK,111,p49262,Jason Steele,40,150406,0,0,0,,,
2026-08-08T09:21:13.774625,2627,1,BHA,DEF,113,p231416,Ferdi Kadıoğlu,45,96928,0,0,0,,,
2026-08-08T09:21:13.774625,2627,1,BHA,DEF,114,p204120,Olivier Boscagli,45,3342,0,0,0,,,
2026-08-08T09:21:13.774625,2627,1,BHA,DEF,115,p465730,Maxim De Cuyper,45,46792,0,0,0,,,
2026-08-08T09:21:13.774625,2627,1,BHA,DEF,116,p83299,Lewis Dunk,45,23396,0,0,0,,,
2026-08-08T09:21:13.774625,2627,1,BHA,DEF,117,p550090,Diego Coppola,45,0,0,0,0,,,
2026-08-08T09:21:13.774625,2627,1,BHA,DEF,118,p223434,Igor Julio dos Santos de Paulo,45,3342,0,0,0,,,
2026-08-08T09:21:13.774625,2627,1,BHA,DEF,119,p451490,João Pedro Loureiro da Costa,45,0,0,0,0,,,
2026-08-08T09:21:13.774625,2627,1,BHA,DEF,120,p454490,Michael Svoboda,50,3342,0,0,0,,,
2026-08-08T09:21:13.774625,2627,1,BHA,MID,121,p451340,Mitoma Kaoru,60,6684,0,0,0,Hamstring injury - Unknown return date,0,
2026-08-08T09:21:13.774625,2627,1,BHA,MID,122,p592031,Yankuba Minteh,60,23396,0,0,0,,,
2026-08-08T09:21:13.774625,2627,1,BHA,MID,123,p532529,Jack Hinshelwood,60,10027,0,0,0,,,
2026-08-08T09:21:13.774625,2627,1,BHA,MID,124,p60307,Pascal Groß,55,300812,0,0,0,,,
2026-08-08T09:21:13.774625,2627,1,BHA,FWD,125,p463067,Georginio Rutter,55,23396,0,0,0,,,
2026-08-08T09:21:13.774625,2627,1,BHA,MID,126,p219249,Matt O'Riley,55,3342,0,0,0,,,
2026-08-08T09:21:13.774625,2627,1,BHA,MID,127,p514254,Diego Gómez Amarilla,50,56820,0,0,0,,,
2026-08-08T09:21:13.774625,2627,1,BHA,MID,128,p536916,Facundo Buonanotte,50,3342,0,0,0,,,
2026-08-08T09:21:13.774625,2627,1,BHA,MID,129,p509416,Yasin Ayari,55,16711,0,0,0,,,
2026-08-08T09:21:13.774625,2627,1,BHA,DEF,130,p467779,Mats Wieffer,50,10027,0,0,0,,,
2026-08-08T09:21:13.774625,2627,1,BHA,MID,131,p535301,Carlos Baleba,50,16711,0,0,0,Ankle injury - Expected back 23 Aug,0,1
2026-08-08T09:21:13.774625,2627,1,BHA,MID,132,p597320,Harry Howell,45,10027,0,0,0,,,
2026-08-08T09:21:13.774625,2627,1,BHA,MID,133,p549074,Tom Watson,50,0,0,0,0,Has joined Leicester City on loan for the rest of the season,0,
2026-08-08T09:21:13.774625,2627,1,BHA,MID,134,p556637,Nehemiah Oriola,45,6684,0,0,0,,,
2026-08-08T09:21:13.774625,2627,1,BHA,MID,135,p700308,Zadok Yohanna,50,3342,0,0,0,,,
2026-08-08T09:21:13.774625,2627,1,BHA,FWD,137,p608181,Stefanos Tzimas,55,0,0,0,0,Knee injury - 75% chance of playing,75,
2026-08-08T09:21:13.774625,2627,1,BHA,FWD,138,p647850,Charalampos Kostoulas,55,10027,0,0,0,,,
2026-08-08T09:21:13.774625,2627,1,BHA,FWD,139,p487117,Evan Ferguson,50,0,0,0,0,Ankle injury - Expected back 10 Oct,0,6
2026-08-08T09:21:13.774625,2627,1,BHA,DEF,328,p222694,Pascal Struijk,50,16711,0,0,0,,,
2026-08-08T09:21:13.774625,2627,1,BHA,DEF,504,p610799,Luka Vušković,50,96928,0,0,0,,,
2026-08-08T09:21:13.774625,2627,1,CHE,MID,40,p244850,Morgan Rogers,75,982652,0,0,0,,,
2026-08-08T09:21:13.774625,2627,1,CHE,MID,101,p56979,Jordan Henderson,50,0,0,0,0,has departed the club as a free agent.,0,
2026-08-08T09:21:13.774625,2627,1,CHE,FWD,136,p50175,Danny Welbeck,60,90243,0,0,0,,,
2026-08-08T09:21:13.774625,2627,1,CHE,GK,140,p215059,Robert Lynch Sánchez,50,63504,0,0,0,,,
2026-08-08T09:21:13.774625,2627,1,CHE,GK,141,p508479,Filip Jörgensen,50,3342,0,0,0,,,
2026-08-08T09:21:13.774625,2627,1,CHE,DEF,142,p225796,Reece James,55,267388,0,0,0,,,
2026-08-08T09:21:13.774625,2627,1,CHE,DEF,143,p180736,Trevoh Chalobah,55,63504,0,0,0,,,
2026-08-08T09:21:13.774625,2627,1,CHE,DEF,144,p482609,Malo Gusto,50,36765,0,0,0,,,
2026-08-08T09:21:13.774625,2627,1,CHE,DEF,145,p444463,Wesley Fofana,50,0,0,0,0,Suspended until 6 Sep,0,3
2026-08-08T09:21:13.774625,2627,1,CHE,DEF,146,p242880,Benoît Badiashile Mukinayi,45,0,0,0,0,,,
2026-08-08T09:21:13.774625,2627,1,CHE,DEF,147,p109646,Tosin Adarabioyo,45,6684,0,0,0,,,
2026-08-08T09:21:13.774625,2627,1,CHE,DEF,148,p551210,Jorrel Hato,45,36765,0,0,0,,,
2026-08-08T09:21:13.774625,2627,1,CHE,DEF,149,p460028,Levi Samuels Colwill,50,56820,0,0,0,,,
2026-08-08T09:21:13.774625,2627,1,CHE,DEF,150,p574458,Mamadou Sarr,45,3342,0,0,0,,,
2026-08-08T09:21:13.774625,2627,1,CHE,DEF,151,p577016,Josh Acheampong,45,6684,0,0,0,,,
2026-08-08T09:21:13.774625,2627,1,CHE,DEF,152,p620109,Marco Palestra,55,50135,0,0,0,,,
2026-08-08T09:21:13.774625,2627,1,CHE,DEF,153,p220362,Axel Disasi,45,3342,0,0,0,,,
2026-08-08T09:21:13.774625,2627,1,CHE,MID,154,p244851,Cole Palmer,95,401082,0,0,0,,,
2026-08-08T09:21:13.774625,2627,1,CHE,MID,155,p448047,Enzo Fernández,70,183829,0,0,0,,,
2026-08-08T09:21:13.774625,2627,1,CHE,MID,156,p247632,Pedro Lomba Neto,65,43450,0,0,0,,,
2026-08-08T09:21:13.774625,2627,1,CHE,MID,157,p624773,Estêvão Almeida de Oliveira Gonçalves,65,60162,0,0,0,,,
2026-08-08T09:21:13.774625,2627,1,CHE,MID,158,p463936,Jamie Bynoe-Gittens,60,3342,0,0,0,,,
2026-08-08T09:21:13.774625,2627,1,CHE,MID,159,p486672,Moisés Caicedo Corozo,55,123667,0,0,0,,,
2026-08-08T09:21:13.774625,2627,1,CHE,MID,161,p514356,Roméo Lavia,50,0,0,0,0,,,
2026-08-08T09:21:13.774625,2627,1,CHE,MID,163,p491007,Dário Luís Essugo,45,6684,0,0,0,,,
2026-08-08T09:21:13.774625,2627,1,CHE,MID,164,p593117,Geovany Quenda,55,3342,0,0,0,,100,
2026-08-08T09:21:13.774625,2627,1,CHE,FWD,165,p475168,João Pedro Junqueira de Jesus,75,1804872,0,0,0,,,
2026-08-08T09:21:13.774625,2627,1,CHE,FWD,166,p517052,Nicolas Jackson,65,13369,0,0,0,,,
2026-08-08T09:21:13.774625,2627,1,CHE,FWD,167,p463034,Liam Delap,55,16711,0,0,0,,,
2026-08-08T09:21:13.774625,2627,1,CHE,FWD,168,p499309,Marc Guiu Paz,50,13369,0,0,0,,,
2026-08-08T09:21:13.774625,2627,1,CHE,FWD,169,p567119,Shumaira Mheuka,45,13369,0,0,0,,,
2026-08-08T09:21:13.774625,2627,1,CHE,FWD,170,p503037,Emmanuel Emegha,50,6684,0,0,0,Hamstring injury - 75% chance of playing,75,
2026-08-08T09:21:13.774625,2627,1,CHE,DEF,200,p437499,Maxence Lacroix,60,397740,0,0,0,,,
2026-08-08T09:21:13.774625,2627,1,CHE,GK,560,p549939,Mike Penders,45,3342,0,0,0,,,
2026-08-08T09:21:13.774625,2627,1,CHE,DEF,561,p622758,Aaron Anselmino,45,0,0,0,0,,,
2026-08-08T09:21:13.774625,2627,1,CHE,MID,568,p543158,Valentín Barco,55,0,0,0,0,,,
2026-08-08T09:21:13.774625,2627,1,COV,MID,104,p428580,Frank Onyeka,50,6684,0,0,0,,,
2026-08-08T09:21:13.774625,2627,1,COV,GK,110,p472739,Carl Rushworth,45,26738,0,0,0,,,
2026-08-08T09:21:13.774625,2627,1,COV,GK,171,p484389,Oliver Dovin,40,90243,0,0,0,,,
2026-08-08T09:21:13.774625,2627,1,COV,GK,172,p110690,Ben Wilson,45,20054,0,0,0,,,
2026-08-08T09:21:13.774625,2627,1,COV,DEF,173,p461102,Bobby Thomas,40,297469,0,0,0,,,
2026-08-08T09:21:13.774625,2627,1,COV,DEF,174,p436761,Liam Kitching,40,13369,0,0,0,,,
2026-08-08T09:21:13.774625,2627,1,COV,DEF,175,p451284,Milan van Ewijk,40,538119,0,0,0,,,
2026-08-08T09:21:13.774625,2627,1,COV,DEF,176,p173878,Jay Dasilva,40,16711,0,0,0,,,
2026-08-08T09:21:13.774625,2627,1,COV,DEF,177,p465390,Kaine Kesler-Hayden,40,3342,0,0,0,,,
2026-08-08T09:21:13.774625,2627,1,COV,DEF,178,p80178,Jake Bidwell,40,3342,0,0,0,,,
2026-08-08T09:21:13.774625,2627,1,COV,DEF,179,p204813,Joel Latibeaudiere,40,3342,0,0,0,,,
2026-08-08T09:21:13.774625,2627,1,COV,DEF,180,p220583,Luke Woolfenden,40,6684,0,0,0,,,
2026-08-08T09:21:13.774625,2627,1,COV,DEF,181,p577411,Miguel Brau,40,3342,0,0,0,,,
2026-08-08T09:21:13.774625,2627,1,COV,DEF,182,p539142,Aurèle Amenda,40,16711,0,0,0,,,
2026-08-08T09:21:13.774625,2627,1,COV,MID,183,p480457,Jack Rudoni,50,10027,0,0,0,Shoulder injury - 75% chance of playing,75,
2026-08-08T09:21:13.774625,2627,1,COV,MID,184,p168144,Matt Grimes,50,6684,0,0,0,,,
2026-08-08T09:21:13.774625,2627,1,COV,MID,185,p501459,Tatsuhiro Sakamoto,50,3342,0,0,0,,,
2026-08-08T09:21:13.774625,2627,1,COV,MID,186,p241293,Ephron Mason-Clark,55,10027,0,0,0,,,
2026-08-08T09:21:13.774625,2627,1,COV,MID,187,p439668,Josh Eccles,50,0,0,0,0,,,
2026-08-08T09:21:13.774625,2627,1,COV,MID,188,p226965,Victor Torp,55,6684,0,0,0,,,
2026-08-08T09:21:13.774625,2627,1,COV,MID,189,p684268,George Shepherd,45,10027,0,0,0,,,
2026-08-08T09:21:13.774625,2627,1,COV,MID,190,p469272,Loum Tchaouna,55,3342,0,0,0,,,
2026-08-08T09:21:13.774625,2627,1,COV,MID,191,p492498,Raphael Borges Rodrigues,45,6684,0,0,0,,,
2026-08-08T09:21:13.774625,2627,1,COV,MID,192,p629397,Kaine Andrews,45,23396,0,0,0,,,
2026-08-08T09:21:13.774625,2627,1,COV,FWD,193,p176412,Haji Wright,55,63504,0,0,0,,,
2026-08-08T09:21:13.774625,2627,1,COV,FWD,194,p230730,Brandon Thomas-Asante,50,30081,0,0,0,,,
2026-08-08T09:21:13.774625,2627,1,COV,FWD,195,p218997,Ellis Simms,50,20054,0,0,0,,,
2026-08-08T09:21:13.774625,2627,1,COV,FWD,196,p551262,Jahnoah Markelo,50,3342,0,0,0,,,
2026-08-08T09:21:13.774625,2627,1,COV,FWD,197,p549653,Norman Bassette,45,13369,0,0,0,Has joined KVC Westerlo on loan for the rest of the season,0,
2026-08-08T09:21:13.774625,2627,1,CRY,GK,198,p172649,Dean Henderson,50,103613,0,0,0,,,
2026-08-08T09:21:13.774625,2627,1,CRY,GK,199,p121709,Walter Benítez,45,3342,0,0,0,,,
2026-08-08T09:21:13.774625,2627,1,CRY,DEF,201,p247348,Daniel Muñoz Mejía,55,391055,0,0,0,,,
2026-08-08T09:21:13.774625,2627,1,CRY,DEF,202,p427623,Chris Richards,50,26738,0,0,0,,,
2026-08-08T09:21:13.774625,2627,1,CRY,DEF,203,p651426,Jaydee Canvot,50,20054,0,0,0,,,
2026-08-08T09:21:13.774625,2627,1,CRY,DEF,204,p244723,Tyrick Mitchell,45,230622,0,0,0,,,
2026-08-08T09:21:13.774625,2627,1,CRY,DEF,205,p218364,Borna Sosa,45,0,0,0,0,,,
2026-08-08T09:21:13.774625,2627,1,CRY,DEF,206,p515621,Chadi Riad Dnanou,45,3342,0,0,0,,,
2026-08-08T09:21:13.774625,2627,1,CRY,DEF,207,p242313,Oscar Mingueza,45,3342,0,0,0,,,
2026-08-08T09:21:13.774625,2627,1,CRY,MID,208,p232185,Ismaïla Sarr,65,300812,0,0,0,,,
2026-08-08T09:21:13.774625,2627,1,CRY,MID,209,p242898,Brennan Johnson,60,6684,0,0,0,,,
2026-08-08T09:21:13.774625,2627,1,CRY,MID,210,p496221,Adam Wharton,55,6684,0,0,0,,100,
2026-08-08T09:21:13.774625,2627,1,CRY,MID,211,p488024,Yéremy Pino Santos,55,6684,0,0,0,,,
2026-08-08T09:21:13.774625,2627,1,CRY,MID,212,p108413,Will Hughes,45,371001,0,0,0,,,
2026-08-08T09:21:13.774625,2627,1,CRY,MID,213,p152551,Jefferson Lerma Solís,50,3342,0,0,0,,,
2026-08-08T09:21:13.774625,2627,1,CRY,MID,214,p209400,Daichi Kamada,50,10027,0,0,0,,,
2026-08-08T09:21:13.774625,2627,1,CRY,MID,215,p489706,Justin Devenny,50,0,0,0,0,,,
2026-08-08T09:21:13.774625,2627,1,CRY,MID,216,p606921,Romain Esse,50,3342,0,0,0,,,
2026-08-08T09:21:13.774625,2627,1,CRY,MID,217,p536694,Matheus França de Oliveira,50,0,0,0,0,,,
2026-08-08T09:21:13.774625,2627,1,CRY,MID,218,p438464,Cheick Doucouré,50,3342,0,0,0,,,
2026-08-08T09:21:13.774625,2627,1,CRY,MID,219,p450542,Jesurun Rak-Sakyi,50,0,0,0,0,,,
2026-08-08T09:21:13.774625,2627,1,CRY,DEF,220,p590014,Rio Cardines,45,0,0,0,0,,,
2026-08-08T09:21:13.774625,2627,1,CRY,MID,221,p672492,Joél Drakes-Thomas,45,3342,0,0,0,,,
2026-08-08T09:21:13.774625,2627,1,CRY,FWD,222,p247412,Jørgen Strand Larsen,60,20054,0,0,0,,,
2026-08-08T09:21:13.774625,2627,1,CRY,FWD,223,p231747,Jean-Philippe Mateta,65,230622,0,0,0,,,
2026-08-08T09:21:13.774625,2627,1,CRY,FWD,224,p205533,Eddie Nketiah,55,16711,0,0,0,,,
2026-08-08T09:21:13.774625,2627,1,CRY,FWD,225,p660392,Christantus Uche,50,0,0,0,0,has returned to Getafe CF,0,
2026-08-08T09:21:13.774625,2627,1,CRY,GK,555,p169593,Remi Matthews,40,56820,0,0,0,,,
2026-08-08T09:21:13.774625,2627,1,EVE,MID,21,p128295,Christian Nørgaard,50,16711,0,0,0,,,
2026-08-08T09:21:13.774625,2627,1,EVE,GK,226,p111234,Jordan Pickford,55,297469,0,0,0,,,
2026-08-08T09:21:13.774625,2627,1,EVE,GK,227,p229600,Mark Travers,50,3342,0,0,0,,,
2026-08-08T09:21:13.774625,2627,1,EVE,GK,228,p138001,Tom King,45,3342,0,0,0,,,
2026-08-08T09:21:13.774625,2627,1,EVE,DEF,229,p17761,James Tarkowski,60,334235,0,0,0,,,
2026-08-08T09:21:13.774625,2627,1,EVE,DEF,230,p480455,Jarrad Branthwaite,55,66847,0,0,0,,,
2026-08-08T09:21:13.774625,2627,1,EVE,DEF,231,p106611,Michael Keane,50,50135,0,0,0,,,
2026-08-08T09:21:13.774625,2627,1,EVE,DEF,232,p512462,Jake O'Brien,50,16711,0,0,0,,,
2026-08-08T09:21:13.774625,2627,1,EVE,DEF,233,p224967,Vitalii Mykolenko,45,43450,0,0,0,,,
2026-08-08T09:21:13.774625,2627,1,EVE,DEF,234,p243571,Nathan Patterson,45,0,0,0,0,,,
2026-08-08T09:21:13.774625,2627,1,EVE,DEF,235,p499300,Adam Aznou,40,6684,0,0,0,,,
2026-08-08T09:21:13.774625,2627,1,EVE,MID,236,p215413,Kiernan Dewsbury-Hall,65,127009,0,0,0,,,
2026-08-08T09:21:13.774625,2627,1,EVE,MID,237,p440993,Iliman Ndiaye,60,538119,0,0,0,,,
2026-08-08T09:21:13.774625,2627,1,EVE,MID,239,p232928,James Garner,60,20054,0,0,0,Groin injury - Expected back 22 Aug,0,1
2026-08-08T09:21:13.774625,2627,1,EVE,MID,240,p490094,Tim Iroegbunam,50,3342,0,0,0,,,
2026-08-08T09:21:13.774625,2627,1,EVE,MID,241,p433154,Dwight McNeil,55,3342,0,0,0,,,
2026-08-08T09:21:13.774625,2627,1,EVE,MID,242,p550615,Tyrique George,55,3342,0,0,0,,,
2026-08-08T09:21:13.774625,2627,1,EVE,MID,243,p502697,Carlos Alcaraz Durán,50,3342,0,0,0,,,
2026-08-08T09:21:13.774625,2627,1,EVE,MID,244,p609873,Harrison Armstrong,50,3342,0,0,0,,,
2026-08-08T09:21:13.774625,2627,1,EVE,MID,245,p496661,Tyler Dibling,55,3342,0,0,0,,,
2026-08-08T09:21:13.774625,2627,1,EVE,MID,246,p513466,Merlin Röhl,50,3342,0,0,0,,,
2026-08-08T09:21:13.774625,2627,1,EVE,MID,247,p244860,Hayden Hackney,55,10027,0,0,0,,,
2026-08-08T09:21:13.774625,2627,1,EVE,FWD,248,p486385,Norberto Bercique Gomes Betuncal,55,106955,0,0,0,,,
2026-08-08T09:21:13.774625,2627,1,EVE,FWD,249,p586309,Thierno Barry,55,30081,0,0,0,,,
2026-08-08T09:21:13.774625,2627,1,FUL,GK,250,p80201,Bernd Leno,45,106955,0,0,0,,,
2026-08-08T09:21:13.774625,2627,1,FUL,GK,251,p86873,Benjamin Lecomte,40,46792,0,0,0,,,
2026-08-08T09:21:13.774625,2627,1,FUL,GK,252,p505079,Alfie McNally,40,6684,0,0,0,,,
2026-08-08T09:21:13.774625,2627,1,FUL,DEF,253,p174874,Joachim Andersen,50,3342,0,0,0,Suspended until 30 Aug,0,2
2026-08-08T09:21:13.774625,2627,1,FUL,DEF,254,p169528,Antonee Robinson,45,90243,0,0,0,,,
2026-08-08T09:21:13.774625,2627,1,FUL,DEF,255,p246301,Jorge Cuenca Barreno,45,0,0,0,0,,,
2026-08-08T09:21:13.774625,2627,1,FUL,DEF,256,p167074,Kenny Tete,45,6684,0,0,0,,,
2026-08-08T09:21:13.774625,2627,1,FUL,DEF,257,p232892,Calvin Bassey,45,20054,0,0,0,,,
2026-08-08T09:21:13.774625,2627,1,FUL,DEF,258,p166477,Timothy Castagne,45,6684,0,0,0,,,
2026-08-08T09:21:13.774625,2627,1,FUL,MID,261,p153133,Alex Iwobi,55,30081,0,0,0,,,
2026-08-08T09:21:13.774625,2627,1,FUL,MID,262,p209289,Emile Smith Rowe,55,13369,0,0,0,,,
2026-08-08T09:21:13.774625,2627,1,FUL,MID,263,p560552,Kevin Santos Lopes de Macedo,55,3342,0,0,0,,,
2026-08-08T09:21:13.774625,2627,1,FUL,MID,264,p477555,Oscar Bobb,55,13369,0,0,0,,,
2026-08-08T09:21:13.774625,2627,1,FUL,MID,265,p207189,Sander Berge,50,13369,0,0,0,,,
2026-08-08T09:21:13.774625,2627,1,FUL,MID,266,p76357,Tom Cairney,50,0,0,0,0,,,
2026-08-08T09:21:13.774625,2627,1,FUL,MID,267,p212314,Saša Lukić,50,3342,0,0,0,,,
2026-08-08T09:21:13.774625,2627,1,FUL,MID,268,p577725,Josh King,55,3342,0,0,0,,,
2026-08-08T09:21:13.774625,2627,1,FUL,DEF,269,p184349,Ryan Sessegnon,45,13369,0,0,0,,,
2026-08-08T09:21:13.774625,2627,1,FUL,MID,270,p153366,Harrison Reed,45,36765,0,0,0,,,
2026-08-08T09:21:13.774625,2627,1,FUL,FWD,271,p244042,Rodrigo Muniz Carvalho,55,23396,0,0,0,,,
2026-08-08T09:21:13.774625,2627,1,FUL,FWD,272,p631786,Jonah Kusi-Asare,45,264046,0,0,0,,,
2026-08-08T09:21:13.774625,2627,1,FUL,FWD,569,p551466,Gonzalo García,60,43450,0,0,0,,,
2026-08-08T09:21:13.774625,2627,1,FUL,MID,570,p571779,César Palacios,55,3342,0,0,0,,,
2026-08-08T09:21:13.774625,2627,1,HUL,GK,273,p167825,Dillon Phillips,40,66847,0,0,0,,,
2026-08-08T09:21:13.774625,2627,1,HUL,GK,274,p105666,Jack Butland,45,33423,0,0,0,,,
2026-08-08T09:21:13.774625,2627,1,HUL,GK,275,p494950,Harvey Cartwright,40,3342,0,0,0,Has joined Grimsby Town on loan for the rest of the season,0,
2026-08-08T09:21:13.774625,2627,1,HUL,GK,276,p444307,Thimothée Lo-Tutala,40,6684,0,0,0,,,
2026-08-08T09:21:13.774625,2627,1,HUL,DEF,277,p108416,John Egan,40,36765,0,0,0,,,
2026-08-08T09:21:13.774625,2627,1,HUL,DEF,278,p501902,Charlie Hughes,40,33423,0,0,0,Groin injury - Unknown return date,0,
2026-08-08T09:21:13.774625,2627,1,HUL,DEF,279,p146426,Semi Ajayi,40,23396,0,0,0,,,
2026-08-08T09:21:13.774625,2627,1,HUL,DEF,280,p193278,Lewie Coyle,40,13369,0,0,0,,,
2026-08-08T09:21:13.774625,2627,1,HUL,DEF,281,p433590,Cody Drameh,40,3342,0,0,0,,,
2026-08-08T09:21:13.774625,2627,1,HUL,DEF,282,p232351,Ryan Giles,40,20054,0,0,0,,,
2026-08-08T09:21:13.774625,2627,1,HUL,DEF,283,p449428,Matty Jacob,40,3342,0,0,0,Hip injury - 75% chance of playing,75,
2026-08-08T09:21:13.774625,2627,1,HUL,DEF,284,p661800,Cathal McCarthy,40,3342,0,0,0,,,
2026-08-08T09:21:13.774625,2627,1,HUL,DEF,285,p160817,Paddy McNair,40,3342,0,0,0,,,
2026-08-08T09:21:13.774625,2627,1,HUL,MID,286,p540324,Mohamed Belloumi,50,16711,0,0,0,,,
2026-08-08T09:21:13.774625,2627,1,HUL,MID,287,p232905,Liam Millar,50,3342,0,0,0,,,
2026-08-08T09:21:13.774625,2627,1,HUL,MID,288,p171270,Kieran Dowell,45,16711,0,0,0,,,
2026-08-08T09:21:13.774625,2627,1,HUL,MID,289,p101282,Matt Crooks,45,23396,0,0,0,,,
2026-08-08T09:21:13.774625,2627,1,HUL,MID,290,p243413,Regan Slater,45,66847,0,0,0,,,
2026-08-08T09:21:13.774625,2627,1,HUL,MID,291,p465525,Eliot Matazo,45,0,0,0,0,Knee injury - Unknown return date,0,
2026-08-08T09:21:13.774625,2627,1,HUL,MID,292,p208481,Abdülkadir Ömür,50,0,0,0,0,,,
2026-08-08T09:21:13.774625,2627,1,HUL,MID,293,p490161,Abu Kamara,50,0,0,0,0,,,
2026-08-08T09:21:13.774625,2627,1,HUL,MID,294,p553783,Óscar Zambrano,45,16711,0,0,0,Thigh injury - Unknown return date,0,
2026-08-08T09:21:13.774625,2627,1,HUL,FWD,295,p169432,Oli McBurnie,55,60162,0,0,0,,,
2026-08-08T09:21:13.774625,2627,1,HUL,MID,296,p213292,David Akintola,50,0,0,0,0,,,
2026-08-08T09:21:13.774625,2627,1,HUL,MID,297,p470294,Darko Gyabi,45,6684,0,0,0,Thigh injury - Unknown return date,0,
2026-08-08T09:21:13.774625,2627,1,HUL,FWD,298,p500957,Enis Destan,45,86901,0,0,0,,,
2026-08-08T09:21:13.774625,2627,1,HUL,FWD,299,p534392,Mason Burstow,45,20054,0,0,0,Has joined Sheffield Wednesday on loan for the rest of the season,0,
2026-08-08T09:21:13.774625,2627,1,HUL,DEF,556,p169359,Matt Targett,40,90243,0,0,0,,,
2026-08-08T09:21:13.774625,2627,1,HUL,MID,563,p445028,Hidemasa Morita,50,3342,0,0,0,,,
2026-08-08T09:21:13.774625,2627,1,HUL,GK,572,p473284,Konstantinos Tzolakis,45,3342,0,0,0,,,
2026-08-08T09:21:13.774625,2627,1,IPS,DEF,259,p219924,Issa Diop,40,648417,0,0,0,,,
2026-08-08T09:21:13.774625,2627,1,IPS,GK,300,p108813,Christian Walton,45,20054,0,0,0,,,
2026-08-08T09:21:13.774625,2627,1,IPS,GK,301,p112520,Alex Palmer,40,197199,0,0,0,,,
2026-08-08T09:21:13.774625,2627,1,IPS,GK,302,p50093,David Button,40,16711,0,0,0,,,
2026-08-08T09:21:13.774625,2627,1,IPS,DEF,303,p183015,Cédric Kipré,40,13369,0,0,0,,,
2026-08-08T09:21:13.774625,2627,1,IPS,DEF,304,p216616,Dara O'Shea,40,56820,0,0,0,,,
2026-08-08T09:21:13.774625,2627,1,IPS,DEF,305,p455084,Leif Davis,40,113640,0,0,0,,,
2026-08-08T09:21:13.774625,2627,1,IPS,DEF,306,p449429,Jacob Greaves,40,16711,0,0,0,,,
2026-08-08T09:21:13.774625,2627,1,IPS,DEF,307,p222018,Ben Johnson,40,3342,0,0,0,,,
2026-08-08T09:21:13.774625,2627,1,IPS,DEF,308,p176420,Darnell Furlong,40,13369,0,0,0,,,
2026-08-08T09:21:13.774625,2627,1,IPS,MID,309,p501390,Marcelino Núñez,50,6684,0,0,0,,,
2026-08-08T09:21:13.774625,2627,1,IPS,MID,310,p241117,Azor Matusiwa,50,0,0,0,0,Muscular injury - Unknown return date,0,
2026-08-08T09:21:13.774625,2627,1,IPS,MID,311,p149929,Wes Burns,50,3342,0,0,0,,,
2026-08-08T09:21:13.774625,2627,1,IPS,MID,312,p231899,Jack Taylor,45,6684,0,0,0,Knee injury - Unknown return date,0,
2026-08-08T09:21:13.774625,2627,1,IPS,MID,313,p443261,Jack Clarke,55,10027,0,0,0,,,
2026-08-08T09:21:13.774625,2627,1,IPS,MID,314,p229164,Chiedozie Ogbene,50,0,0,0,0,,,
2026-08-08T09:21:13.774625,2627,1,IPS,MID,315,p531442,Abdul Fatawu,55,10027,0,0,0,,,
2026-08-08T09:21:13.774625,2627,1,IPS,FWD,316,p543968,Emersonn Correia da Silva,55,10027,0,0,0,,,
2026-08-08T09:21:13.774625,2627,1,IPS,FWD,317,p222625,George Hirst,50,16711,0,0,0,,,
2026-08-08T09:21:13.774625,2627,1,IPS,MID,318,p481624,Jaden Philogene,55,6684,0,0,0,,,
2026-08-08T09:21:13.774625,2627,1,IPS,MID,319,p172453,Sam Szmodics,50,3342,0,0,0,,,
2026-08-08T09:21:13.774625,2627,1,IPS,FWD,320,p147675,Chuba Akpom,50,16711,0,0,0,,,
2026-08-08T09:21:13.774625,2627,1,IPS,FWD,321,p557012,Sindre Walle Egeli,45,70189,0,0,0,,,
2026-08-08T09:21:13.774625,2627,1,IPS,FWD,322,p462387,Ali Al-Hamadi,50,6684,0,0,0,,,
2026-08-08T09:21:13.774625,2627,1,IPS,MID,323,p461587,Kasey McAteer,45,53477,0,0,0,,,
2026-08-08T09:21:13.774625,2627,1,IPS,MID,324,p232457,Anis Mehmeti,50,3342,0,0,0,,,
2026-08-08T09:21:13.774625,2627,1,IPS,GK,554,p546600,Kayne van Oevelen,45,3342,0,0,0,,,
2026-08-08T09:21:13.774625,2627,1,IPS,MID,562,p442967,Daizen Maeda,55,13369,0,0,0,,,
2026-08-08T09:21:13.774625,2627,1,IPS,GK,564,p240514,Kjell Scherpen,45,10027,0,0,0,,,
2026-08-08T09:21:13.774625,2627,1,IPS,MID,571,p216055,Florentino Ibrain Morris Luís,50,0,0,0,0,,,
2026-08-08T09:21:13.774625,2627,1,LEE,MID,260,p153682,Harry Wilson,65,280757,0,0,0,,,
2026-08-08T09:21:13.774625,2627,1,LEE,GK,326,p201595,Lucas Estella Perri,45,23396,0,0,0,,,
2026-08-08T09:21:13.774625,2627,1,LEE,DEF,327,p434752,Jaka Bijol,50,10027,0,0,0,,,
2026-08-08T09:21:13.774625,2627,1,LEE,DEF,329,p214225,Joe Rodon,45,60162,0,0,0,,,
2026-08-08T09:21:13.774625,2627,1,LEE,DEF,330,p226182,Jayden Bogle,45,13369,0,0,0,,,
2026-08-08T09:21:13.774625,2627,1,LEE,DEF,331,p243526,Gabriel Gudmundsson,45,16711,0,0,0,,,
2026-08-08T09:21:13.774625,2627,1,LEE,DEF,332,p220627,James Justin,45,16711,0,0,0,,,
2026-08-08T09:21:13.774625,2627,1,LEE,DEF,333,p437738,Sebastiaan Bornauw,45,0,0,0,0,,,
2026-08-08T09:21:13.774625,2627,1,LEE,DEF,334,p522047,Tarik Muharemović,50,46792,0,0,0,,,
2026-08-08T09:21:13.774625,2627,1,LEE,MID,335,p466525,Anton Stach,60,43450,0,0,0,,,
2026-08-08T09:21:13.774625,2627,1,LEE,MID,336,p435997,Noah Okafor,60,23396,0,0,0,,,
2026-08-08T09:21:13.774625,2627,1,LEE,MID,337,p427637,Brenden Aaronson,55,26738,0,0,0,,,
2026-08-08T09:21:13.774625,2627,1,LEE,MID,338,p199598,Ethan Ampadu,55,50135,0,0,0,,,
2026-08-08T09:21:13.774625,2627,1,LEE,MID,339,p180135,Sean Longstaff,50,6684,0,0,0,,,
2026-08-08T09:21:13.774625,2627,1,LEE,MID,340,p462635,Joe Gelhardt,50,0,0,0,0,,,
2026-08-08T09:21:13.774625,2627,1,LEE,MID,341,p492859,Wilfried Gnonto,50,3342,0,0,0,,,
2026-08-08T09:21:13.774625,2627,1,LEE,MID,342,p221399,Jack Harrison,50,0,0,0,0,Has joined New England Revolution permanently,0,
2026-08-08T09:21:13.774625,2627,1,LEE,MID,343,p200617,Daniel James,50,3342,0,0,0,,,
2026-08-08T09:21:13.774625,2627,1,LEE,MID,344,p486520,Ilia Gruev,50,0,0,0,0,,,
2026-08-08T09:21:13.774625,2627,1,LEE,MID,345,p248056,Tanaka Ao,50,10027,0,0,0,,,
2026-08-08T09:21:13.774625,2627,1,LEE,FWD,346,p177815,Dominic Calvert-Lewin,60,785453,0,0,0,,,
2026-08-08T09:21:13.774625,2627,1,LEE,FWD,347,p174594,Lukas Nmecha,55,20054,0,0,0,,,
2026-08-08T09:21:13.774625,2627,1,LEE,FWD,348,p235826,Joël Piroe,50,16711,0,0,0,,,
2026-08-08T09:21:13.774625,2627,1,LEE,FWD,349,p565297,Mateo Joseph Fernández-Regatillo,45,10027,0,0,0,Knee injury - Unknown return date,0,
2026-08-08T09:21:13.774625,2627,1,LEE,GK,385,p432720,James Trafford,50,60162,0,0,0,,,
2026-08-08T09:21:13.774625,2627,1,LIV,GK,350,p116535,Alisson Becker,55,137036,0,0,0,,,
2026-08-08T09:21:13.774625,2627,1,LIV,GK,351,p449027,Giorgi Mamardashvili,50,6684,0,0,0,,,
2026-08-08T09:21:13.774625,2627,1,LIV,GK,352,p155503,Freddie Woodman,40,40108,0,0,0,,,
2026-08-08T09:21:13.774625,2627,1,LIV,GK,353,p586268,Armin Pecsi,40,3342,0,0,0,,,
2026-08-08T09:21:13.774625,2627,1,LIV,GK,354,p432987,Vitezslav Jaros,40,0,0,0,0,Knee injury - Unknown return date,0,
2026-08-08T09:21:13.774625,2627,1,LIV,GK,355,p464353,Harvey Davies,40,3342,0,0,0,,,
2026-08-08T09:21:13.774625,2627,1,LIV,DEF,356,p97032,Virgil van Dijk,65,548146,0,0,0,,,
2026-08-08T09:21:13.774625,2627,1,LIV,DEF,357,p216094,Jeremie Frimpong,55,100270,0,0,0,,,
2026-08-08T09:21:13.774625,2627,1,LIV,DEF,358,p544877,Milos Kerkez,55,187171,0,0,0,,,
2026-08-08T09:21:13.774625,2627,1,LIV,DEF,359,p171287,Joe Gomez,50,3342,0,0,0,Muscular injury - Unknown return date,0,
2026-08-08T09:21:13.774625,2627,1,LIV,DEF,360,p492777,Conor Bradley,50,0,0,0,0,Knee injury - Unknown return date,0,
2026-08-08T09:21:13.774625,2627,1,LIV,DEF,361,p519440,Wellity Lucky,40,3342,0,0,0,,,
2026-08-08T09:21:13.774625,2627,1,LIV,DEF,362,p606702,Jeremy Jacquet,50,60162,0,0,0,,100,
2026-08-08T09:21:13.774625,2627,1,LIV,DEF,363,p647681,Giovanni Leoni,40,3342,0,0,0,Knee injury - Unknown return date,0,
2026-08-08T09:21:13.774625,2627,1,LIV,DEF,364,p214285,Kostas Tsimikas,50,3342,0,0,0,,,
2026-08-08T09:21:13.774625,2627,1,LIV,DEF,365,p489580,Calvin Ramsay,40,6684,0,0,0,,,
2026-08-08T09:21:13.774625,2627,1,LIV,MID,366,p494595,Florian Wirtz,75,421136,0,0,0,,,
2026-08-08T09:21:13.774625,2627,1,LIV,MID,367,p243298,Cody Gakpo,70,116982,0,0,0,,,
2026-08-08T09:21:13.774625,2627,1,LIV,MID,368,p424876,Dominik Szoboszlai,70,1564223,0,0,0,,,
2026-08-08T09:21:13.774625,2627,1,LIV,MID,369,p611922,Rio Ngumoha,60,53477,0,0,0,,,
2026-08-08T09:21:13.774625,2627,1,LIV,MID,370,p223541,Federico Chiesa,55,6684,0,0,0,,,
2026-08-08T09:21:13.774625,2627,1,LIV,MID,371,p441266,Ryan Gravenberch,60,63504,0,0,0,,,
2026-08-08T09:21:13.774625,2627,1,LIV,MID,372,p243016,Alexis Mac Allister,55,63504,0,0,0,,,
2026-08-08T09:21:13.774625,2627,1,LIV,MID,373,p206915,Curtis Jones,55,3342,0,0,0,,,
2026-08-08T09:21:13.774625,2627,1,LIV,MID,374,p158983,Endo Wataru,50,0,0,0,0,Ankle injury - 75% chance of playing,75,
2026-08-08T09:21:13.774625,2627,1,LIV,MID,375,p591386,Trey Nyoni,50,3342,0,0,0,,,
2026-08-08T09:21:13.774625,2627,1,LIV,MID,376,p535928,Stefan Bajčetić Maquieira,50,0,0,0,0,Hamstring injury - Expected back 23 Aug,0,1
2026-08-08T09:21:13.774625,2627,1,LIV,MID,377,p551499,Victor Munoz,65,26738,0,0,0,,,
2026-08-08T09:21:13.774625,2627,1,LIV,MID,378,p491501,James McConnell,45,6684,0,0,0,,,
2026-08-08T09:21:13.774625,2627,1,LIV,FWD,379,p219168,Alexander Isak,90,381028,0,0,0,,,
2026-08-08T09:21:13.774625,2627,1,LIV,FWD,380,p510663,Hugo Ekitiké,75,6684,0,0,0,Achilles injury - Unknown return date,0,
2026-08-08T09:21:13.774625,2627,1,LIV,MID,381,p514514,Lewis Koumas,50,0,0,0,0,,,
2026-08-08T09:21:13.774625,2627,1,LIV,FWD,382,p500058,Jayden Danns,45,3342,0,0,0,Unspecified injury - Unknown return date,0,
2026-08-08T09:21:13.774625,2627,1,LIV,MID,383,p444884,Harvey Elliott,55,3342,0,0,0,,,
2026-08-08T09:21:13.774625,2627,1,MCI,MID,238,p114283,Jack Grealish,65,6684,0,0,0,Foot injury - 75% chance of playing,75,
2026-08-08T09:21:13.774625,2627,1,MCI,GK,384,p204936,Gianluigi Donnarumma,55,371001,0,0,0,,,
2026-08-08T09:21:13.774625,2627,1,MCI,GK,386,p122074,Marcus Bettinelli,45,0,0,0,0,,,
2026-08-08T09:21:13.774625,2627,1,MCI,DEF,387,p472769,Nico O'Reilly,65,755372,0,0,0,,,
2026-08-08T09:21:13.774625,2627,1,MCI,DEF,388,p209036,Marc Guéhi,60,788796,0,0,0,,,
2026-08-08T09:21:13.774625,2627,1,MCI,DEF,389,p465351,Matheus Nunes,60,160433,0,0,0,,,
2026-08-08T09:21:13.774625,2627,1,MCI,DEF,390,p171314,Rúben dos Santos Gato Alves Dias,55,46792,0,0,0,,,
2026-08-08T09:21:13.774625,2627,1,MCI,DEF,391,p477424,Joško Gvardiol,55,411109,0,0,0,,,
2026-08-08T09:21:13.774625,2627,1,MCI,DEF,392,p448514,Rayan Aït-Nouri,55,33423,0,0,0,,,
2026-08-08T09:21:13.774625,2627,1,MCI,DEF,393,p578153,Abdukodir Khusanov,55,66847,0,0,0,,,
2026-08-08T09:21:13.774625,2627,1,MCI,DEF,394,p494307,Max Alleyne,50,0,0,0,0,,,
2026-08-08T09:21:13.774625,2627,1,MCI,DEF,395,p477064,Rico Lewis,45,6684,0,0,0,,,
2026-08-08T09:21:13.774625,2627,1,MCI,DEF,396,p616222,Vitor de Oliveira Nunes dos Reis,45,0,0,0,0,,,
2026-08-08T09:21:13.774625,2627,1,MCI,MID,397,p437730,Antoine Semenyo,85,768742,0,0,0,,,
2026-08-08T09:21:13.774625,2627,1,MCI,MID,398,p209244,Phil Foden,70,247334,0,0,0,,,
2026-08-08T09:21:13.774625,2627,1,MCI,MID,399,p466052,Rayan Cherki,75,310839,0,0,0,,,
2026-08-08T09:21:13.774625,2627,1,MCI,MID,400,p248875,Jérémy Doku,75,213910,0,0,0,,,
2026-08-08T09:21:13.774625,2627,1,MCI,FWD,401,p438234,Omar Marmoush,70,23396,0,0,0,,,
2026-08-08T09:21:13.774625,2627,1,MCI,MID,402,p220566,Rodrigo 'Rodri' Hernandez Cascante,65,3342,0,0,0,Back injury - Unknown return date,0,
2026-08-08T09:21:13.774625,2627,1,MCI,MID,403,p510281,Sávio Moreira de Oliveira,65,3342,0,0,0,,,
2026-08-08T09:21:13.774625,2627,1,MCI,MID,404,p433036,Tijjani Reijnders,60,13369,0,0,0,,,
2026-08-08T09:21:13.774625,2627,1,MCI,MID,405,p465694,Nico González Iglesias,55,3342,0,0,0,,,
2026-08-08T09:21:13.774625,2627,1,MCI,MID,406,p91651,Mateo Kovačić,55,0,0,0,0,,,
2026-08-08T09:21:13.774625,2627,1,MCI,MID,407,p575204,Claudio Echeverri,50,0,0,0,0,,,
2026-08-08T09:21:13.774625,2627,1,MCI,MID,408,p155405,Kalvin Phillips,50,0,0,0,0,,,
2026-08-08T09:21:13.774625,2627,1,MCI,MID,409,p590039,Divine Mukasa,45,3342,0,0,0,,,
2026-08-08T09:21:13.774625,2627,1,MCI,MID,410,p649208,Jeremy Monga,50,0,0,0,0,,,
2026-08-08T09:21:13.774625,2627,1,MCI,FWD,411,p223094,Erling Haaland,155,2493398,0,0,0,,,
2026-08-08T09:21:13.774625,2627,1,MCI,MID,481,p215379,Elliot Anderson,65,401082,0,0,0,,,
2026-08-08T09:21:13.774625,2627,1,MUN,MID,43,p166989,Youri Tielemans,60,26738,0,0,0,Hamstring injury - 75% chance of playing,75,
2026-08-08T09:21:13.774625,2627,1,MUN,MID,162,p532605,Andrey Nascimento dos Santos,50,46792,0,0,0,,,
2026-08-08T09:21:13.774625,2627,1,MUN,GK,325,p59735,Karl Darlow,45,3342,0,0,0,Unspecified injury - 75% chance of playing,75,
2026-08-08T09:21:13.774625,2627,1,MUN,GK,412,p465247,Senne Lammens,50,678498,0,0,0,,,
2026-08-08T09:21:13.774625,2627,1,MUN,GK,413,p451302,Altay Bayındır,45,6684,0,0,0,,,
2026-08-08T09:21:13.774625,2627,1,MUN,GK,414,p21205,Tom Heaton,40,10027,0,0,0,,,
2026-08-08T09:21:13.774625,2627,1,MUN,MID,415,p596777,Patrick Dorgu,60,56820,0,0,0,,,
2026-08-08T09:21:13.774625,2627,1,MUN,DEF,416,p209365,Matthijs de Ligt,50,0,0,0,0,Back injury - Unknown return date,0,
2026-08-08T09:21:13.774625,2627,1,MUN,DEF,417,p216051,Diogo Dalot Teixeira,50,100270,0,0,0,,,
2026-08-08T09:21:13.774625,2627,1,MUN,DEF,418,p95658,Harry Maguire,50,284100,0,0,0,,,
2026-08-08T09:21:13.774625,2627,1,MUN,DEF,419,p221820,Lisandro Martínez,50,20054,0,0,0,Thigh injury - 75% chance of playing,75,
2026-08-08T09:21:13.774625,2627,1,MUN,DEF,420,p550864,Leny Yoro,50,23396,0,0,0,,,
2026-08-08T09:21:13.774625,2627,1,MUN,DEF,421,p606745,Ayden Heaven,45,10027,0,0,0,,,
2026-08-08T09:21:13.774625,2627,1,MUN,DEF,422,p230001,Noussair Mazraoui,45,23396,0,0,0,,,
2026-08-08T09:21:13.774625,2627,1,MUN,DEF,423,p106760,Luke Shaw,45,828904,0,0,0,,,
2026-08-08T09:21:13.774625,2627,1,MUN,DEF,424,p577974,Harry Amass,40,6684,0,0,0,,,
2026-08-08T09:21:13.774625,2627,1,MUN,DEF,425,p547676,Tyler Fredricson,40,3342,0,0,0,,,
2026-08-08T09:21:13.774625,2627,1,MUN,MID,426,p141746,Bruno Borges Fernandes,120,1627727,0,0,0,,,
2026-08-08T09:21:13.774625,2627,1,MUN,MID,427,p446008,Bryan Mbeumo,80,628363,0,0,0,,,
2026-08-08T09:21:13.774625,2627,1,MUN,MID,428,p430871,Matheus Santos Carneiro da Cunha,80,467929,0,0,0,,,
2026-08-08T09:21:13.774625,2627,1,MUN,MID,429,p176297,Marcus Rashford,70,46792,0,0,0,,,
2026-08-08T09:21:13.774625,2627,1,MUN,MID,430,p184341,Mason Mount,55,6684,0,0,0,,,
2026-08-08T09:21:13.774625,2627,1,MUN,MID,431,p493250,Amad Diallo,60,53477,0,0,0,,,
2026-08-08T09:21:13.774625,2627,1,MUN,MID,432,p516895,Kobbie Mainoo,55,43450,0,0,0,,,
2026-08-08T09:21:13.774625,2627,1,MUN,MID,433,p232112,Manuel Ugarte Ribeiro,50,0,0,0,0,Knee injury - Unknown return date,0,
2026-08-08T09:21:13.774625,2627,1,MUN,MID,434,p547037,Jack Fletcher,50,0,0,0,0,,,
2026-08-08T09:21:13.774625,2627,1,MUN,MID,435,p576628,Shea Lacey,50,3342,0,0,0,,,
2026-08-08T09:21:13.774625,2627,1,MUN,MID,436,p490881,Toby Collyer,50,0,0,0,0,,,
2026-08-08T09:21:13.774625,2627,1,MUN,MID,437,p576620,Bendito Mantato,45,6684,0,0,0,,,
2026-08-08T09:21:13.774625,2627,1,MUN,MID,438,p519913,Tyler Fletcher,45,10027,0,0,0,,,
2026-08-08T09:21:13.774625,2627,1,MUN,FWD,439,p485711,Benjamin Sesko,70,90243,0,0,0,Shin injury - 75% chance of playing,75,
2026-08-08T09:21:13.774625,2627,1,MUN,FWD,440,p458249,Joshua Zirkzee,55,23396,0,0,0,,,
2026-08-08T09:21:13.774625,2627,1,MUN,FWD,441,p596047,Chido Obi,45,40108,0,0,0,,,
2026-08-08T09:21:13.774625,2627,1,NEW,GK,442,p98747,Nick Pope,50,36765,0,0,0,,,
2026-08-08T09:21:13.774625,2627,1,NEW,GK,443,p81441,Mark Gillespie,45,0,0,0,0,,,
2026-08-08T09:21:13.774625,2627,1,NEW,GK,444,p554578,Ewen Jaouen,45,3342,0,0,0,,,
2026-08-08T09:21:13.774625,2627,1,NEW,DEF,445,p465642,Malick Thiaw,50,66847,0,0,0,,,
2026-08-08T09:21:13.774625,2627,1,NEW,DEF,446,p119471,Fabian Schär,50,6684,0,0,0,,100,
2026-08-08T09:21:13.774625,2627,1,NEW,DEF,447,p220237,Sven Botman,50,13369,0,0,0,,,
2026-08-08T09:21:13.774625,2627,1,NEW,DEF,448,p78916,Dan Burn,50,90243,0,0,0,,,
2026-08-08T09:21:13.774625,2627,1,NEW,DEF,449,p487838,Lewis Hall,50,137036,0,0,0,,,
2026-08-08T09:21:13.774625,2627,1,NEW,DEF,450,p441191,Tino Livramento,50,3342,0,0,0,Calf injury - 75% chance of playing,75,
2026-08-08T09:21:13.774625,2627,1,NEW,DEF,451,p545477,Alex Murphy,40,26738,0,0,0,,,
2026-08-08T09:21:13.774625,2627,1,NEW,MID,452,p208706,Bruno Guimarães Rodriguez Moura,70,314181,0,0,0,,,
2026-08-08T09:21:13.774625,2627,1,NEW,MID,453,p201666,Harvey Barnes,60,40108,0,0,0,,,
2026-08-08T09:21:13.774625,2627,1,NEW,MID,454,p449434,Anthony Elanga,60,23396,0,0,0,,,
2026-08-08T09:21:13.774625,2627,1,NEW,MID,456,p232653,Jacob Ramsey,50,16711,0,0,0,,,
2026-08-08T09:21:13.774625,2627,1,NEW,MID,457,p114243,Jacob Murphy,60,6684,0,0,0,,,
2026-08-08T09:21:13.774625,2627,1,NEW,MID,458,p180974,Joelinton Cássio Apolinário de Lira,55,0,0,0,0,Thigh injury - 75% chance of playing,75,
2026-08-08T09:21:13.774625,2627,1,NEW,MID,459,p547719,Lewis Miley,55,0,0,0,0,Leg injury - Expected back 30 Aug,0,3
2026-08-08T09:21:13.774625,2627,1,NEW,MID,460,p200089,Joe Willock,50,3342,0,0,0,,,
2026-08-08T09:21:13.774625,2627,1,NEW,MID,461,p611665,Bazoumana Touré,60,6684,0,0,0,,,
2026-08-08T09:21:13.774625,2627,1,NEW,MID,462,p636852,Sean Steur,50,3342,0,0,0,,,
2026-08-08T09:21:13.774625,2627,1,NEW,FWD,463,p470313,Nick Woltemade,60,60162,0,0,0,,,
2026-08-08T09:21:13.774625,2627,1,NEW,FWD,464,p216646,Yoane Wissa,60,46792,0,0,0,,,
2026-08-08T09:21:13.774625,2627,1,NEW,FWD,465,p538207,William Osula,60,53477,0,0,0,,,
2026-08-08T09:21:13.774625,2627,1,NEW,FWD,466,p599303,Sean Neave,45,23396,0,0,0,,,
2026-08-08T09:21:13.774625,2627,1,NEW,MID,559,p632794,Aladji Bamba,50,3342,0,0,0,,,
2026-08-08T09:21:13.774625,2627,1,NEW,GK,567,p470551,Lukás Hornícek,50,6684,0,0,0,,,
2026-08-08T09:21:13.774625,2627,1,NFO,GK,467,p85633,Matz Sels,50,46792,0,0,0,,,
2026-08-08T09:21:13.774625,2627,1,NFO,GK,468,p221389,John Victor Maciel Furtado,45,3342,0,0,0,,,
2026-08-08T09:21:13.774625,2627,1,NFO,DEF,469,p215136,Neco Williams,50,424479,0,0,0,,,
2026-08-08T09:21:13.774625,2627,1,NFO,DEF,470,p485047,Felipe Rodrigues da Silva,50,3342,0,0,0,,,
2026-08-08T09:21:13.774625,2627,1,NFO,DEF,471,p227444,Nikola Milenković,55,76874,0,0,0,,,
2026-08-08T09:21:13.774625,2627,1,NFO,DEF,472,p575476,Murillo Costa dos Santos,55,6684,0,0,0,Muscular injury - 75% chance of playing,75,
2026-08-08T09:21:13.774625,2627,1,NFO,DEF,473,p159506,Ola Aina,45,150406,0,0,0,,,
2026-08-08T09:21:13.774625,2627,1,NFO,DEF,474,p575458,Jair Paula da Cunha Filho,45,13369,0,0,0,,,
2026-08-08T09:21:13.774625,2627,1,NFO,DEF,475,p500151,Nicolò Savona,45,0,0,0,0,Knee injury - Unknown return date,0,
2026-08-08T09:21:13.774625,2627,1,NFO,DEF,476,p204822,Omar Richards,40,6684,0,0,0,,,
2026-08-08T09:21:13.774625,2627,1,NFO,DEF,477,p549067,Zach Abbott,40,6684,0,0,0,,,
2026-08-08T09:21:13.774625,2627,1,NFO,DEF,478,p470315,Luca Netz,45,0,0,0,0,,,
2026-08-08T09:21:13.774625,2627,1,NFO,DEF,479,p538638,Tyler Bindon,40,6684,0,0,0,,,
2026-08-08T09:21:13.774625,2627,1,NFO,MID,480,p222531,Morgan Gibbs-White,80,387713,0,0,0,,,
2026-08-08T09:21:13.774625,2627,1,NFO,MID,482,p209046,Callum Hudson-Odoi,60,0,0,0,0,Thigh injury - 75% chance of playing,75,
2026-08-08T09:21:13.774625,2627,1,NFO,MID,483,p456512,Dan Ndoye,55,16711,0,0,0,,,
2026-08-08T09:21:13.774625,2627,1,NFO,MID,484,p503301,Omari Hutchinson,55,6684,0,0,0,,,
2026-08-08T09:21:13.774625,2627,1,NFO,MID,485,p476887,Dilane Bakwa,55,0,0,0,0,,,
2026-08-08T09:21:13.774625,2627,1,NFO,MID,486,p432714,James McAtee,55,3342,0,0,0,,,
2026-08-08T09:21:13.774625,2627,1,NFO,MID,487,p250199,Nicolás Domínguez,50,3342,0,0,0,,,
2026-08-08T09:21:13.774625,2627,1,NFO,MID,488,p210462,Ibrahim Sangaré,50,16711,0,0,0,,,
2026-08-08T09:21:13.774625,2627,1,NFO,MID,489,p204968,Ryan Yates,45,240649,0,0,0,,,
2026-08-08T09:21:13.774625,2627,1,NFO,FWD,490,p60689,Chris Wood,60,60162,0,0,0,,,
2026-08-08T09:21:13.774625,2627,1,NFO,FWD,491,p482973,Igor Jesus Maciel da Cruz,60,170460,0,0,0,,,
2026-08-08T09:21:13.774625,2627,1,NFO,FWD,492,p210156,Taiwo Awoniyi,55,13369,0,0,0,,,
2026-08-08T09:21:13.774625,2627,1,NFO,FWD,493,p465680,Arnaud Kalimuendo,55,3342,0,0,0,,,
2026-08-08T09:21:13.774625,2627,1,NFO,MID,558,p204561,Xaver Schlager,50,3342,0,0,0,,,
2026-08-08T09:21:13.774625,2627,1,TOT,DEF,112,p469142,Jan Paul van Hecke,50,277415,0,0,0,,,
2026-08-08T09:21:13.774625,2627,1,TOT,MID,455,p432422,Sandro Tonali,55,137036,0,0,0,,,
2026-08-08T09:21:13.774625,2627,1,TOT,GK,494,p184254,Guglielmo Vicario,45,50135,0,0,0,,,
2026-08-08T09:21:13.774625,2627,1,TOT,GK,495,p214572,Brandon Austin,40,20054,0,0,0,,,
2026-08-08T09:21:13.774625,2627,1,TOT,GK,496,p485055,Antonín Kinský,45,638390,0,0,0,,,
2026-08-08T09:21:13.774625,2627,1,TOT,GK,497,p67089,Martin Dubravka,40,785453,0,0,0,,,
2026-08-08T09:21:13.774625,2627,1,TOT,DEF,498,p221466,Marcos Senesi Barón,60,357632,0,0,0,,,
2026-08-08T09:21:13.774625,2627,1,TOT,DEF,499,p441164,Pedro Porro Sauceda,55,788796,0,0,0,,,
2026-08-08T09:21:13.774625,2627,1,TOT,DEF,500,p221632,Cristian Romero,50,36765,0,0,0,,,
2026-08-08T09:21:13.774625,2627,1,TOT,DEF,501,p135720,Kevin Danso,50,6684,0,0,0,,,
2026-08-08T09:21:13.774625,2627,1,TOT,DEF,502,p122798,Andrew Robertson,45,63504,0,0,0,,,
2026-08-08T09:21:13.774625,2627,1,TOT,DEF,503,p491279,Micky van de Ven,50,223937,0,0,0,,,
2026-08-08T09:21:13.774625,2627,1,TOT,DEF,505,p232859,Djed Spence,45,304154,0,0,0,,,
2026-08-08T09:21:13.774625,2627,1,TOT,DEF,506,p487053,Destiny Udogie,45,13369,0,0,0,,,
2026-08-08T09:21:13.774625,2627,1,TOT,DEF,507,p548308,Ashley Phillips,45,3342,0,0,0,,,
2026-08-08T09:21:13.774625,2627,1,TOT,DEF,508,p115556,Ben Davies,40,26738,0,0,0,,,
2026-08-08T09:21:13.774625,2627,1,TOT,DEF,509,p640419,Jun'ai Byfield,40,3342,0,0,0,,,
2026-08-08T09:21:13.774625,2627,1,TOT,DEF,510,p499716,James Rowswell,40,3342,0,0,0,,,
2026-08-08T09:21:13.774625,2627,1,TOT,DEF,511,p616221,João Victor de Souza Menezes,40,10027,0,0,0,,,
2026-08-08T09:21:13.774625,2627,1,TOT,MID,512,p460842,Mohammed Kudus,65,6684,0,0,0,Thigh injury - 75% chance of playing,75,
2026-08-08T09:21:13.774625,2627,1,TOT,MID,513,p493362,Xavi Simons,60,0,0,0,0,Knee injury - Unknown return date,0,
2026-08-08T09:21:13.774625,2627,1,TOT,MID,514,p511499,Mathys Tel,60,13369,0,0,0,,,
2026-08-08T09:21:13.774625,2627,1,TOT,MID,515,p172780,James Maddison,65,66847,0,0,0,,,
2026-08-08T09:21:13.774625,2627,1,TOT,MID,516,p202993,Rodrigo Bentancur,55,3342,0,0,0,,,
2026-08-08T09:21:13.774625,2627,1,TOT,MID,517,p550839,Wilson Odobert,55,0,0,0,0,Knee injury - Unknown return date,0,
2026-08-08T09:21:13.774625,2627,1,TOT,MID,518,p482442,Pape Matar Sarr,50,13369,0,0,0,,,
2026-08-08T09:21:13.774625,2627,1,TOT,MID,519,p232787,Conor Gallagher,55,6684,0,0,0,,,
2026-08-08T09:21:13.774625,2627,1,TOT,MID,520,p570526,Lucas Bergvall,55,6684,0,0,0,,,
2026-08-08T09:21:13.774625,2627,1,TOT,MID,521,p445044,Dejan Kulusevski,65,0,0,0,0,Knee injury - Unknown return date,0,
2026-08-08T09:21:13.774625,2627,1,TOT,MID,522,p547701,Archie Gray,50,6684,0,0,0,,,
2026-08-08T09:21:13.774625,2627,1,TOT,MID,523,p499721,Mikey Moore,50,3342,0,0,0,,,
2026-08-08T09:21:13.774625,2627,1,TOT,MID,524,p499726,Callum Olusesi,45,30081,0,0,0,,,
2026-08-08T09:21:13.774625,2627,1,TOT,MID,525,p551226,Mateus Fernandes,60,113640,0,0,0,,,
2026-08-08T09:21:13.774625,2627,1,TOT,FWD,526,p154566,Dominic Solanke-Mitchell,60,93585,0,0,0,,,
2026-08-08T09:21:13.774625,2627,1,TOT,FWD,527,p212319,Richarlison de Andrade,60,63504,0,0,0,,,
2026-08-08T09:21:13.774625,2627,1,TOT,FWD,528,p490145,Dane Scarlett,45,56820,0,0,0,,,
2026-08-08T09:21:13.774625,2627,1,SUN,GK,529,p498016,Robin Roefs,50,170460,0,0,0,,,
2026-08-08T09:21:13.774625,2627,1,SUN,GK,530,p232571,Anthony Patterson,40,33423,0,0,0,,,
2026-08-08T09:21:13.774625,2627,1,SUN,GK,531,p515046,Melker Ellborg,45,3342,0,0,0,,,
2026-08-08T09:21:13.774625,2627,1,SUN,DEF,532,p223827,Daniel Ballard,50,123667,0,0,0,,,
2026-08-08T09:21:13.774625,2627,1,SUN,DEF,533,p200834,Nordi Mukiele,55,254019,0,0,0,,,
2026-08-08T09:21:13.774625,2627,1,SUN,DEF,534,p487676,Trai Hume,45,83558,0,0,0,,,
2026-08-08T09:21:13.774625,2627,1,SUN,DEF,535,p201895,Omar Alderete,50,40108,0,0,0,,,
2026-08-08T09:21:13.774625,2627,1,SUN,DEF,536,p434399,Reinildo Mandava,45,16711,0,0,0,,,
2026-08-08T09:21:13.774625,2627,1,SUN,DEF,537,p519634,Jenson Seelt,45,0,0,0,0,,,
2026-08-08T09:21:13.774625,2627,1,SUN,DEF,538,p477547,Leo Fuhr Hjelde,40,10027,0,0,0,,,
2026-08-08T09:21:13.774625,2627,1,SUN,DEF,539,p167512,Luke O'Nien,40,76874,0,0,0,,,
2026-08-08T09:21:13.774625,2627,1,SUN,DEF,540,p105717,Arthur Masuaku,40,46792,0,0,0,,,
2026-08-08T09:21:13.774625,2627,1,SUN,DEF,541,p93605,Thomas Meunier,45,16711,0,0,0,,,
2026-08-08T09:21:13.774625,2627,1,SUN,MID,542,p484420,Enzo Le Fée,60,427821,0,0,0,,,
2026-08-08T09:21:13.774625,2627,1,SUN,MID,543,p547027,Habib Diarra,55,3342,0,0,0,,,
2026-08-08T09:21:13.774625,2627,1,SUN,MID,544,p84450,Granit Xhaka,55,190514,0,0,0,,,
2026-08-08T09:21:13.774625,2627,1,SUN,MID,545,p577669,Noah Sadiki,50,13369,0,0,0,,,
2026-08-08T09:21:13.774625,2627,1,SUN,MID,546,p535818,Simon Adingra,50,10027,0,0,0,,,
2026-08-08T09:21:13.774625,2627,1,SUN,MID,547,p461199,Romaine Mundle,50,0,0,0,0,,,
2026-08-08T09:21:13.774625,2627,1,SUN,MID,548,p554197,Chris Rigg,50,3342,0,0,0,,,
2026-08-08T09:21:13.774625,2627,1,SUN,MID,549,p549912,Chemsdine Talbi,55,6684,0,0,0,,,
2026-08-08T09:21:13.774625,2627,1,SUN,MID,550,p699989,Djiamgone Jocelin Ta Bi,50,0,0,0,0,,,
2026-08-08T09:21:13.774625,2627,1,SUN,MID,551,p536661,Nilson Angulo,50,3342,0,0,0,,,
2026-08-08T09:21:13.774625,2627,1,SUN,FWD,552,p441264,Brian Brobbey,60,641732,0,0,0,,,
2026-08-08T09:21:13.774625,2627,1,SUN,FWD,553,p437505,Wilson Isidor,55,40108,0,0,0,,,
